fund,date,excess_ret,mkt_rf
F01,2012-01,3.1672,5.05
F01,2012-02,3.0904,4.42
F01,2012-03,2.6921,3.11
F01,2012-04,0.9631,-0.85
F01,2012-05,-8.0615,-6.19
F01,2012-06,8.5475,3.89
F01,2012-07,-4.1723,0.79
F01,2012-08,2.3586,2.55
F01,2012-09,1.4815,2.73
F01,2012-10,0.9007,-1.76
F01,2012-11,-0.615,0.78
F01,2012-12,3.1332,1.18
F01,2013-01,7.1211,5.57
F01,2013-02,7.5929,1.29
F01,2013-03,6.896,4.03
F01,2013-04,-0.8803,1.55
F01,2013-05,7.7601,2.8
F01,2013-06,-1.7213,-1.2
F01,2013-07,6.9857,5.65
F01,2013-08,-1.3868,-2.71
F01,2013-09,1.0142,3.77
F01,2013-10,3.7732,4.18
F01,2013-11,3.5385,3.12
F01,2013-12,4.2063,2.81
F01,2014-01,-3.7996,-3.32
F01,2014-02,7.2094,4.65
F01,2014-03,-0.0385,0.43
F01,2014-04,-1.692,-0.19
F01,2014-05,1.7873,2.06
F01,2014-06,1.6513,2.61
F01,2014-07,0.4331,-2.04
F01,2014-08,4.9425,4.24
F01,2014-09,-3.3882,-1.97
F01,2014-10,0.9756,2.52
F01,2014-11,4.1386,2.55
F01,2014-12,-0.0731,-0.06
F01,2015-01,-6.1792,-3.11
F01,2015-02,7.2417,6.13
F01,2015-03,-0.1169,-1.12
F01,2015-04,1.9934,0.59
F01,2015-05,-1.7871,1.36
F01,2015-06,-1.5258,-1.53
F01,2015-07,4.0343,1.54
F01,2015-08,-6.2176,-6.04
F01,2015-09,-5.4417,-3.08
F01,2015-10,7.2738,7.75
F01,2015-11,0.8397,0.56
F01,2015-12,-3.4802,-2.17
F01,2016-01,-3.7804,-5.77
F01,2016-02,-4.9114,-0.07
F01,2016-03,9.1916,6.96
F01,2016-04,-3.738,0.92
F01,2016-05,2.9045,1.78
F01,2016-06,-0.3218,-0.05
F01,2016-07,4.5436,3.95
F01,2016-08,-0.9217,0.5
F01,2016-09,2.2302,0.25
F01,2016-10,-0.59,-2.02
F01,2016-11,6.2314,4.86
F01,2016-12,1.3534,1.81
F02,2005-02,2.8759,1.89
F02,2005-03,-3.0492,-1.97
F02,2005-04,-2.8526,-2.61
F02,2005-05,5.5374,3.65
F02,2005-06,-0.5876,0.57
F02,2005-07,2.613,3.92
F02,2005-08,-1.7255,-1.22
F02,2005-09,0.2846,0.49
F02,2005-10,-1.2441,-2.02
F02,2005-11,3.4194,3.61
F02,2005-12,-0.641,-0.25
F02,2006-01,2.1362,3.04
F02,2006-02,-1.5282,-0.3
F02,2006-03,1.1895,1.46
F02,2006-04,0.1856,0.73
F02,2006-05,-2.5501,-3.57
F02,2006-06,-1.8646,-0.35
F02,2006-07,-0.3183,-0.78
F02,2006-08,0.6071,2.03
F02,2006-09,4.156,1.84
F02,2006-10,1.7378,3.23
F02,2006-11,0.2633,1.71
F02,2006-12,1.4783,0.87
F02,2007-01,0.5586,1.4
F02,2007-02,-0.9402,-1.96
F02,2007-03,2.0167,0.68
F02,2007-04,1.3208,3.49
F02,2007-05,2.1167,3.24
F02,2007-06,-1.9616,-1.96
F02,2007-07,-2.1809,-3.73
F02,2007-08,0.519,0.92
F02,2007-09,3.9343,3.22
F02,2007-10,-0.1639,1.8
F02,2007-11,-3.816,-4.83
F02,2007-12,-0.6889,-0.87
F02,2008-01,-6.0922,-6.36
F02,2008-02,-1.5748,-3.09
F02,2008-03,-2.3802,-0.93
F02,2008-04,4.9422,4.6
F02,2008-05,1.9526,1.86
F02,2008-06,-4.8693,-8.44
F02,2008-07,-2.0281,-0.77
F02,2008-08,-2.026,1.53
F02,2008-09,-8.7312,-9.24
F02,2008-10,-16.9336,-17.23
F02,2008-11,-6.5465,-7.86
F02,2008-12,0.7386,1.74
F02,2009-01,-8.3307,-8.12
F02,2009-02,-10.2413,-10.1
F02,2009-03,9.3331,8.95
F02,2009-04,9.5325,10.19
F02,2009-05,4.1568,5.21
F02,2009-06,2.0488,0.43
F02,2009-07,9.2916,7.72
F02,2009-08,1.6718,3.33
F02,2009-09,5.3199,4.08
F02,2009-10,-2.372,-2.59
F02,2009-11,4.2999,5.56
F02,2009-12,2.2712,2.75
F02,2010-01,-3.042,-3.36
F02,2010-02,2.4974,3.4
F02,2010-03,4.6518,6.31
F02,2010-04,0.3069,2.0
F02,2010-05,-6.6464,-7.89
F02,2010-06,-4.7754,-5.56
F02,2010-07,5.2606,6.93
F02,2010-08,-3.805,-4.77
F02,2010-09,11.386,9.54
F02,2010-10,3.7188,3.88
F02,2010-11,-1.27,0.6
F02,2010-12,3.7759,6.82
F02,2011-01,-0.1763,1.99
F02,2011-02,3.0815,3.49
F02,2011-03,0.3082,0.45
F02,2011-04,2.2603,2.9
F02,2011-05,-0.9597,-1.27
F02,2011-06,-0.2084,-1.75
F02,2011-07,-2.0449,-2.36
F02,2011-08,-6.1758,-5.99
F02,2011-09,-6.9314,-7.59
F02,2011-10,10.7644,11.35
F02,2011-11,0.0621,-0.28
F02,2011-12,0.5484,0.74
F02,2012-01,2.319,5.05
F02,2012-02,3.773,4.42
F02,2012-03,2.2453,3.11
F02,2012-04,-1.3572,-0.85
F02,2012-05,-4.4922,-6.19
F02,2012-06,2.8363,3.89
F02,2012-07,0.0773,0.79
F02,2012-08,2.5639,2.55
F02,2012-09,3.4831,2.73
F02,2012-10,-1.9495,-1.76
F02,2012-11,-0.3564,0.78
F02,2012-12,2.765,1.18
F02,2013-01,5.4835,5.57
F02,2013-02,0.4159,1.29
F02,2013-03,3.927,4.03
F02,2013-04,2.137,1.55
F02,2013-05,0.1193,2.8
F02,2013-06,-0.7768,-1.2
F02,2013-07,4.4771,5.65
F02,2013-08,-2.5361,-2.71
F02,2013-09,2.9407,3.77
F02,2013-10,2.1202,4.18
F02,2013-11,3.0196,3.12
F02,2013-12,1.5314,2.81
F02,2014-01,-3.4412,-3.32
F02,2014-02,3.4455,4.65
F02,2014-03,0.5154,0.43
F02,2014-04,-0.835,-0.19
F02,2014-05,2.7097,2.06
F02,2014-06,5.3753,2.61
F02,2014-07,-3.3813,-2.04
F02,2014-08,4.8299,4.24
F02,2014-09,-1.5311,-1.97
F02,2014-10,2.2461,2.52
F02,2014-11,1.7437,2.55
F02,2014-12,0.6631,-0.06
F02,2015-01,-2.9242,-3.11
F02,2015-02,5.3242,6.13
F02,2015-03,-1.5996,-1.12
F02,2015-04,0.2258,0.59
F02,2015-05,-0.2701,1.36
F02,2015-06,-1.7693,-1.53
F02,2015-07,2.8436,1.54
F02,2015-08,-5.3099,-6.04
F02,2015-09,-3.4268,-3.08
F02,2015-10,6.9397,7.75
F02,2015-11,1.8542,0.56
F02,2015-12,-1.6791,-2.17
F02,2016-01,-7.1851,-5.77
F02,2016-02,-0.5269,-0.07
F02,2016-03,4.6653,6.96
F02,2016-04,0.1823,0.92
F02,2016-05,1.4893,1.78
F02,2016-06,0.8791,-0.05
F02,2016-07,2.758,3.95
F02,2016-08,-1.3392,0.5
F02,2016-09,-0.7451,0.25
F02,2016-10,-4.6225,-2.02
F02,2016-11,5.1339,4.86
F02,2016-12,2.1182,1.81
F03,2010-08,-3.4783,-4.77
F03,2010-09,9.3398,9.54
F03,2010-10,2.8843,3.88
F03,2010-11,-1.1925,0.6
F03,2010-12,5.8253,6.82
F03,2011-01,-2.2547,1.99
F03,2011-02,0.6272,3.49
F03,2011-03,1.1803,0.45
F03,2011-04,2.8721,2.9
F03,2011-05,-1.0829,-1.27
F03,2011-06,-0.6439,-1.75
F03,2011-07,-2.0462,-2.36
F03,2011-08,-6.0589,-5.99
F03,2011-09,-5.9389,-7.59
F03,2011-10,7.2565,11.35
F03,2011-11,-0.3322,-0.28
F03,2011-12,-1.3841,0.74
F03,2012-01,4.792,5.05
F03,2012-02,4.5273,4.42
F03,2012-03,3.8914,3.11
F03,2012-04,-0.6024,-0.85
F03,2012-05,-6.3752,-6.19
F03,2012-06,1.5084,3.89
F03,2012-07,0.312,0.79
F03,2012-08,4.0036,2.55
F03,2012-09,3.5922,2.73
F03,2012-10,-4.1982,-1.76
F03,2012-11,0.9345,0.78
F03,2012-12,0.5091,1.18
F03,2013-01,2.8978,5.57
F03,2013-02,0.7616,1.29
F03,2013-03,3.6529,4.03
F03,2013-04,0.4026,1.55
F03,2013-05,-1.5541,2.8
F03,2013-06,0.12,-1.2
F03,2013-07,4.3316,5.65
F03,2013-08,-2.3076,-2.71
F03,2013-09,3.3657,3.77
F03,2013-10,2.803,4.18
F03,2013-11,2.638,3.12
F03,2013-12,2.6795,2.81
F03,2014-01,-1.9149,-3.32
F03,2014-02,3.5746,4.65
F03,2014-03,-0.4734,0.43
F03,2014-04,-1.0682,-0.19
F03,2014-05,1.0048,2.06
F03,2014-06,2.518,2.61
F03,2014-07,-1.6865,-2.04
F03,2014-08,3.979,4.24
F03,2014-09,-1.7679,-1.97
F03,2014-10,2.5857,2.52
F03,2014-11,3.6682,2.55
F03,2014-12,2.0493,-0.06
F03,2015-01,-3.0156,-3.11
F03,2015-02,6.4991,6.13
F03,2015-03,-0.7682,-1.12
F03,2015-04,-0.7426,0.59
F03,2015-05,1.333,1.36
F03,2015-06,-0.6195,-1.53
F03,2015-07,1.4974,1.54
F03,2015-08,-2.9164,-6.04
F03,2015-09,-3.7861,-3.08
F03,2015-10,6.6361,7.75
F03,2015-11,-0.0605,0.56
F03,2015-12,1.7431,-2.17
F03,2016-01,-5.0937,-5.77
F03,2016-02,1.7942,-0.07
F03,2016-03,6.5452,6.96
F03,2016-04,1.6007,0.92
F03,2016-05,1.0629,1.78
F03,2016-06,-0.7116,-0.05
F03,2016-07,5.9536,3.95
F03,2016-08,-1.3504,0.5
F03,2016-09,0.2798,0.25
F03,2016-10,-2.3507,-2.02
F03,2016-11,2.4817,4.86
F03,2016-12,1.439,1.81
F04,2007-07,-4.1135,-3.73
F04,2007-08,3.8346,0.92
F04,2007-09,4.3602,3.22
F04,2007-10,2.0219,1.8
F04,2007-11,-6.7321,-4.83
F04,2007-12,-5.813,-0.87
F04,2008-01,-4.6235,-6.36
F04,2008-02,-6.0634,-3.09
F04,2008-03,-0.3674,-0.93
F04,2008-04,6.4542,4.6
F04,2008-05,4.7625,1.86
F04,2008-06,-9.543,-8.44
F04,2008-07,-3.089,-0.77
F04,2008-08,-0.2939,1.53
F04,2008-09,-9.6652,-9.24
F04,2008-10,-19.7571,-17.23
F04,2008-11,-9.3592,-7.86
F04,2008-12,-0.048,1.74
F04,2009-01,-9.0972,-8.12
F04,2009-02,-11.222,-10.1
F04,2009-03,9.0895,8.95
F04,2009-04,11.4545,10.19
F04,2009-05,4.7518,5.21
F04,2009-06,0.142,0.43
F04,2009-07,4.6827,7.72
F04,2009-08,7.634,3.33
F04,2009-09,10.133,4.08
F04,2009-10,-1.6667,-2.59
F04,2009-11,5.7153,5.56
F04,2009-12,3.5323,2.75
F04,2010-01,-3.3224,-3.36
F04,2010-02,1.8596,3.4
F04,2010-03,6.4401,6.31
F04,2010-04,-2.7627,2.0
F04,2010-05,-8.7952,-7.89
F04,2010-06,-4.4398,-5.56
F04,2010-07,8.1561,6.93
F04,2010-08,-5.6547,-4.77
F04,2010-09,7.984,9.54
F04,2010-10,3.4718,3.88
F04,2010-11,2.3737,0.6
F04,2010-12,8.0622,6.82
F04,2011-01,2.8966,1.99
F04,2011-02,6.8535,3.49
F04,2011-03,1.571,0.45
F04,2011-04,5.6036,2.9
F04,2011-05,-1.8025,-1.27
F04,2011-06,0.556,-1.75
F04,2011-07,-3.1612,-2.36
F04,2011-08,-4.9377,-5.99
F04,2011-09,-9.733,-7.59
F04,2011-10,11.8581,11.35
F04,2011-11,0.913,-0.28
F04,2011-12,0.6397,0.74
F04,2012-01,5.0016,5.05
F04,2012-02,6.3792,4.42
F04,2012-03,4.5266,3.11
F04,2012-04,-2.4949,-0.85
F04,2012-05,-9.199,-6.19
F04,2012-06,7.0382,3.89
F04,2012-07,0.7781,0.79
F04,2012-08,3.5089,2.55
F04,2012-09,4.1947,2.73
F04,2012-10,-9.6849,-1.76
F04,2012-11,1.1765,0.78
F04,2012-12,-0.6211,1.18
F04,2013-01,10.6649,5.57
F04,2013-02,0.8652,1.29
F04,2013-03,-1.5647,4.03
F04,2013-04,2.9333,1.55
F04,2013-05,7.3473,2.8
F04,2013-06,6.3179,-1.2
F04,2013-07,6.7628,5.65
F04,2013-08,-5.1925,-2.71
F04,2013-09,5.3966,3.77
F04,2013-10,5.9515,4.18
F04,2013-11,3.6128,3.12
F04,2013-12,5.0605,2.81
F04,2014-01,-4.194,-3.32
F04,2014-02,4.5802,4.65
F04,2014-03,0.77,0.43
F04,2014-04,0.888,-0.19
F04,2014-05,1.8161,2.06
F04,2014-06,-0.6072,2.61
F04,2014-07,-2.9343,-2.04
F04,2014-08,7.2976,4.24
F04,2014-09,-3.3742,-1.97
F04,2014-10,-2.2572,2.52
F04,2014-11,5.1267,2.55
F04,2014-12,1.1753,-0.06
F04,2015-01,-3.8436,-3.11
F04,2015-02,9.823,6.13
F04,2015-03,-0.1599,-1.12
F04,2015-04,0.3446,0.59
F04,2015-05,3.5148,1.36
F04,2015-06,-3.1034,-1.53
F04,2015-07,4.5765,1.54
F04,2015-08,-7.4277,-6.04
F04,2015-09,-1.5559,-3.08
F04,2015-10,15.8324,7.75
F04,2015-11,8.1196,0.56
F04,2015-12,-1.9548,-2.17
F04,2016-01,-4.7058,-5.77
F04,2016-02,4.2589,-0.07
F04,2016-03,9.6846,6.96
F04,2016-04,2.4023,0.92
F04,2016-05,1.6958,1.78
F04,2016-06,-0.7961,-0.05
F04,2016-07,5.3618,3.95
F04,2016-08,1.9948,0.5
F04,2016-09,2.3756,0.25
F04,2016-10,-3.513,-2.02
F04,2016-11,3.5742,4.86
F04,2016-12,-1.1994,1.81
F05,2007-05,3.2762,3.24
F05,2007-06,-4.1979,-1.96
F05,2007-07,-3.2754,-3.73
F05,2007-08,2.0546,0.92
F05,2007-09,1.8618,3.22
F05,2007-10,1.5605,1.8
F05,2007-11,-6.8355,-4.83
F05,2007-12,-1.851,-0.87
F05,2008-01,-6.6279,-6.36
F05,2008-02,-3.6086,-3.09
F05,2008-03,-2.5058,-0.93
F05,2008-04,1.9958,4.6
F05,2008-05,0.7409,1.86
F05,2008-06,-8.7526,-8.44
F05,2008-07,-2.1148,-0.77
F05,2008-08,2.9722,1.53
F05,2008-09,-10.4738,-9.24
F05,2008-10,-19.9344,-17.23
F05,2008-11,-11.7833,-7.86
F05,2008-12,0.4282,1.74
F05,2009-01,-7.6261,-8.12
F05,2009-02,-10.7215,-10.1
F05,2009-03,11.6034,8.95
F05,2009-04,10.0866,10.19
F05,2009-05,6.6379,5.21
F05,2009-06,1.0527,0.43
F05,2009-07,7.3435,7.72
F05,2009-08,3.6976,3.33
F05,2009-09,4.7035,4.08
F05,2009-10,-2.0003,-2.59
F05,2009-11,8.2615,5.56
F05,2009-12,2.1557,2.75
F05,2010-01,-4.042,-3.36
F05,2010-02,3.6002,3.4
F05,2010-03,7.1182,6.31
F05,2010-04,0.3902,2.0
F05,2010-05,-8.8461,-7.89
F05,2010-06,-7.8,-5.56
F05,2010-07,8.6066,6.93
F05,2010-08,-4.7921,-4.77
F05,2010-09,11.2914,9.54
F05,2010-10,4.8647,3.88
F05,2010-11,0.4897,0.6
F05,2010-12,6.9477,6.82
F05,2011-01,15.3461,1.99
F05,2011-02,3.8905,3.49
F05,2011-03,-0.8161,0.45
F05,2011-04,2.1293,2.9
F05,2011-05,-1.2743,-1.27
F05,2011-06,-0.8691,-1.75
F05,2011-07,-7.3104,-2.36
F05,2011-08,-7.5345,-5.99
F05,2011-09,-7.2004,-7.59
F05,2011-10,12.856,11.35
F05,2011-11,0.3933,-0.28
F05,2011-12,-0.2857,0.74
F05,2012-01,6.0816,5.05
F05,2012-02,3.3954,4.42
F05,2012-03,1.8781,3.11
F05,2012-04,-0.5992,-0.85
F05,2012-05,-5.8469,-6.19
F05,2012-06,3.7919,3.89
F05,2012-07,1.0784,0.79
F05,2012-08,3.3533,2.55
F05,2012-09,4.1312,2.73
F05,2012-10,0.4626,-1.76
F05,2012-11,-0.4911,0.78
F05,2012-12,-0.667,1.18
F05,2013-01,6.8468,5.57
F05,2013-02,2.0581,1.29
F05,2013-03,1.1894,4.03
F05,2013-04,0.2664,1.55
F05,2013-05,2.5511,2.8
F05,2013-06,0.6878,-1.2
F05,2013-07,7.9592,5.65
F05,2013-08,-7.2225,-2.71
F05,2013-09,3.6778,3.77
F05,2013-10,6.5706,4.18
F05,2013-11,5.4662,3.12
F05,2013-12,6.3685,2.81
F05,2014-01,-0.1336,-3.32
F05,2014-02,7.8716,4.65
F05,2014-03,1.1699,0.43
F05,2014-04,0.4784,-0.19
F05,2014-05,3.2021,2.06
F05,2014-06,1.6508,2.61
F05,2014-07,-0.5602,-2.04
F05,2014-08,4.9054,4.24
F05,2014-09,-3.3486,-1.97
F05,2014-10,0.9287,2.52
F05,2014-11,2.8179,2.55
F05,2014-12,1.4254,-0.06
F05,2015-01,-3.9466,-3.11
F05,2015-02,6.5434,6.13
F05,2015-03,-2.5451,-1.12
F05,2015-04,-1.8043,0.59
F05,2015-05,0.5739,1.36
F05,2015-06,-0.9609,-1.53
F05,2015-07,2.1316,1.54
F05,2015-08,-6.671,-6.04
F05,2015-09,-4.1991,-3.08
F05,2015-10,9.676,7.75
F05,2015-11,0.1078,0.56
F05,2015-12,-0.5098,-2.17
F05,2016-01,-5.3716,-5.77
F05,2016-02,0.5517,-0.07
F05,2016-03,7.7991,6.96
F05,2016-04,0.3005,0.92
F05,2016-05,3.4631,1.78
F05,2016-06,1.0364,-0.05
F05,2016-07,4.631,3.95
F05,2016-08,-0.9701,0.5
F05,2016-09,0.9777,0.25
F05,2016-10,-2.7238,-2.02
F05,2016-11,6.5652,4.86
F05,2016-12,0.7977,1.81
F06,2007-06,0.5524,-1.96
F06,2007-07,-0.7794,-3.73
F06,2007-08,1.0354,0.92
F06,2007-09,2.1968,3.22
F06,2007-10,1.8865,1.8
F06,2007-11,-3.8003,-4.83
F06,2007-12,-1.0312,-0.87
F06,2008-01,-4.7073,-6.36
F06,2008-02,-2.2588,-3.09
F06,2008-03,-3.5016,-0.93
F06,2008-04,3.2113,4.6
F06,2008-05,2.1338,1.86
F06,2008-06,-7.1085,-8.44
F06,2008-07,-0.1444,-0.77
F06,2008-08,0.949,1.53
F06,2008-09,-3.7099,-9.24
F06,2008-10,-14.6444,-17.23
F06,2008-11,-6.4598,-7.86
F06,2008-12,1.3624,1.74
F06,2009-01,-6.5679,-8.12
F06,2009-02,-6.0943,-10.1
F06,2009-03,6.4455,8.95
F06,2009-04,8.8248,10.19
F06,2009-05,5.6654,5.21
F06,2009-06,-0.0418,0.43
F06,2009-07,8.5148,7.72
F06,2009-08,4.3335,3.33
F06,2009-09,2.2788,4.08
F06,2009-10,-4.2848,-2.59
F06,2009-11,1.4359,5.56
F06,2009-12,2.4121,2.75
F06,2010-01,-2.5383,-3.36
F06,2010-02,1.6598,3.4
F06,2010-03,7.2387,6.31
F06,2010-04,0.766,2.0
F06,2010-05,-10.1409,-7.89
F06,2010-06,-4.1442,-5.56
F06,2010-07,8.5616,6.93
F06,2010-08,-3.4818,-4.77
F06,2010-09,7.2676,9.54
F06,2010-10,3.1927,3.88
F06,2010-11,0.5642,0.6
F06,2010-12,3.8874,6.82
F06,2011-01,0.6638,1.99
F06,2011-02,1.8232,3.49
F06,2011-03,-0.0617,0.45
F06,2011-04,2.844,2.9
F06,2011-05,-1.7915,-1.27
F06,2011-06,-1.7937,-1.75
F06,2011-07,-2.2074,-2.36
F06,2011-08,-2.6185,-5.99
F06,2011-09,-6.1517,-7.59
F06,2011-10,8.6403,11.35
F06,2011-11,-2.1391,-0.28
F06,2011-12,2.7925,0.74
F06,2012-01,5.5132,5.05
F06,2012-02,4.726,4.42
F06,2012-03,0.1514,3.11
F06,2012-04,-1.2071,-0.85
F06,2012-05,-11.0607,-6.19
F06,2012-06,2.4423,3.89
F06,2012-07,0.0687,0.79
F06,2012-08,1.3335,2.55
F06,2012-09,4.4871,2.73
F06,2012-10,-1.4565,-1.76
F06,2012-11,0.1554,0.78
F06,2012-12,-0.4327,1.18
F06,2013-01,4.7244,5.57
F06,2013-02,1.1915,1.29
F06,2013-03,4.0997,4.03
F06,2013-04,1.7454,1.55
F06,2013-05,-0.2478,2.8
F06,2013-06,0.5419,-1.2
F06,2013-07,2.5199,5.65
F06,2013-08,-1.4629,-2.71
F06,2013-09,-0.0355,3.77
F06,2013-10,4.4843,4.18
F06,2013-11,2.5328,3.12
F06,2013-12,2.8378,2.81
F06,2014-01,-4.2356,-3.32
F06,2014-02,4.6829,4.65
F06,2014-03,1.724,0.43
F06,2014-04,0.2373,-0.19
F06,2014-05,1.9662,2.06
F06,2014-06,-0.4652,2.61
F06,2014-07,-3.3674,-2.04
F06,2014-08,1.307,4.24
F06,2014-09,-4.8441,-1.97
F06,2014-10,2.6946,2.52
F06,2014-11,3.6216,2.55
F06,2014-12,-1.3884,-0.06
F06,2015-01,-1.617,-3.11
F06,2015-02,2.7577,6.13
F06,2015-03,-2.0964,-1.12
F06,2015-04,-0.1683,0.59
F06,2015-05,-1.3626,1.36
F06,2015-06,0.7402,-1.53
F06,2015-07,1.6371,1.54
F06,2015-08,-3.7141,-6.04
F06,2015-09,-1.8434,-3.08
F06,2015-10,4.7504,7.75
F06,2015-11,0.2711,0.56
F06,2015-12,-1.4245,-2.17
F06,2016-01,-6.0372,-5.77
F06,2016-02,-0.0797,-0.07
F06,2016-03,6.7926,6.96
F06,2016-04,2.7211,0.92
F06,2016-05,0.218,1.78
F06,2016-06,-0.6048,-0.05
F06,2016-07,2.62,3.95
F06,2016-08,-0.6601,0.5
F06,2016-09,1.6668,0.25
F06,2016-10,-2.2404,-2.02
F06,2016-11,5.6034,4.86
F06,2016-12,0.7906,1.81
F07,2007-10,1.7523,1.8
F07,2007-11,-6.0326,-4.83
F07,2007-12,-2.058,-0.87
F07,2008-01,-10.167,-6.36
F07,2008-02,-4.9708,-3.09
F07,2008-03,-0.257,-0.93
F07,2008-04,5.9076,4.6
F07,2008-05,3.1528,1.86
F07,2008-06,-10.4593,-8.44
F07,2008-07,0.0304,-0.77
F07,2008-08,2.0612,1.53
F07,2008-09,-11.1451,-9.24
F07,2008-10,-22.9543,-17.23
F07,2008-11,-11.4423,-7.86
F07,2008-12,2.6644,1.74
F07,2009-01,-8.4986,-8.12
F07,2009-02,-14.208,-10.1
F07,2009-03,11.6861,8.95
F07,2009-04,13.838,10.19
F07,2009-05,6.6255,5.21
F07,2009-06,-0.0917,0.43
F07,2009-07,9.8238,7.72
F07,2009-08,4.6649,3.33
F07,2009-09,6.5506,4.08
F07,2009-10,-2.8973,-2.59
F07,2009-11,3.3674,5.56
F07,2009-12,1.0828,2.75
F07,2010-01,-5.5333,-3.36
F07,2010-02,4.2937,3.4
F07,2010-03,7.4725,6.31
F07,2010-04,2.959,2.0
F07,2010-05,-11.2105,-7.89
F07,2010-06,-9.7792,-5.56
F07,2010-07,7.8767,6.93
F07,2010-08,-5.8801,-4.77
F07,2010-09,12.978,9.54
F07,2010-10,4.8142,3.88
F07,2010-11,1.8682,0.6
F07,2010-12,9.792,6.82
F07,2011-01,2.8752,1.99
F07,2011-02,1.9865,3.49
F07,2011-03,-0.1204,0.45
F07,2011-04,4.5416,2.9
F07,2011-05,-0.2463,-1.27
F07,2011-06,-2.3591,-1.75
F07,2011-07,-3.9301,-2.36
F07,2011-08,-8.3105,-5.99
F07,2011-09,-10.9543,-7.59
F07,2011-10,14.078,11.35
F07,2011-11,0.4502,-0.28
F07,2011-12,1.0395,0.74
F07,2012-01,7.3679,5.05
F07,2012-02,5.7849,4.42
F07,2012-03,4.7758,3.11
F07,2012-04,-2.2854,-0.85
F07,2012-05,-7.6756,-6.19
F07,2012-06,1.6373,3.89
F07,2012-07,0.3663,0.79
F07,2012-08,3.3225,2.55
F07,2012-09,3.196,2.73
F07,2012-10,-2.7254,-1.76
F07,2012-11,3.1338,0.78
F07,2012-12,-0.3593,1.18
F07,2013-01,8.9819,5.57
F07,2013-02,2.0857,1.29
F07,2013-03,6.1666,4.03
F07,2013-04,2.0473,1.55
F07,2013-05,1.9628,2.8
F07,2013-06,-1.4362,-1.2
F07,2013-07,6.9617,5.65
F07,2013-08,-2.9049,-2.71
F07,2013-09,5.2366,3.77
F07,2013-10,5.0096,4.18
F07,2013-11,3.8478,3.12
F07,2013-12,3.1422,2.81
F07,2014-01,-5.046,-3.32
F07,2014-02,5.8275,4.65
F07,2014-03,1.8317,0.43
F07,2014-04,-0.2492,-0.19
F07,2014-05,0.5117,2.06
F07,2014-06,3.3345,2.61
F07,2014-07,-3.5378,-2.04
F07,2014-08,5.9405,4.24
F07,2014-09,-3.5235,-1.97
F07,2014-10,4.9733,2.52
F07,2014-11,3.0465,2.55
F07,2014-12,0.7857,-0.06
F07,2015-01,-4.076,-3.11
F07,2015-02,8.7698,6.13
F07,2015-03,-0.9609,-1.12
F07,2015-04,0.3332,0.59
F07,2015-05,1.2416,1.36
F07,2015-06,-2.4504,-1.53
F07,2015-07,1.0327,1.54
F07,2015-08,-7.5786,-6.04
F07,2015-09,-4.0014,-3.08
F07,2015-10,10.5041,7.75
F07,2015-11,1.2289,0.56
F07,2015-12,-2.4181,-2.17
F07,2016-01,-8.1226,-5.77
F07,2016-02,0.6064,-0.07
F07,2016-03,8.87,6.96
F07,2016-04,1.3274,0.92
F07,2016-05,2.5042,1.78
F07,2016-06,-2.2758,-0.05
F07,2016-07,2.2318,3.95
F07,2016-08,1.3017,0.5
F07,2016-09,-0.1546,0.25
F07,2016-10,-3.1641,-2.02
F07,2016-11,5.3566,4.86
F07,2016-12,1.3391,1.81
F08,2009-11,5.0334,5.56
F08,2009-12,2.5347,2.75
F08,2010-01,-4.6845,-3.36
F08,2010-02,3.5201,3.4
F08,2010-03,7.7352,6.31
F08,2010-04,2.9825,2.0
F08,2010-05,-8.9749,-7.89
F08,2010-06,-4.9936,-5.56
F08,2010-07,6.1235,6.93
F08,2010-08,-5.1898,-4.77
F08,2010-09,9.289,9.54
F08,2010-10,3.0457,3.88
F08,2010-11,0.1749,0.6
F08,2010-12,8.7053,6.82
F08,2011-01,1.6633,1.99
F08,2011-02,2.2731,3.49
F08,2011-03,0.9754,0.45
F08,2011-04,3.1611,2.9
F08,2011-05,-2.9638,-1.27
F08,2011-06,-1.7863,-1.75
F08,2011-07,-2.873,-2.36
F08,2011-08,-5.2216,-5.99
F08,2011-09,-6.7227,-7.59
F08,2011-10,12.0734,11.35
F08,2011-11,-0.9452,-0.28
F08,2011-12,1.0805,0.74
F08,2012-01,4.5839,5.05
F08,2012-02,5.7621,4.42
F08,2012-03,3.4898,3.11
F08,2012-04,0.3338,-0.85
F08,2012-05,-6.6115,-6.19
F08,2012-06,4.7354,3.89
F08,2012-07,1.8082,0.79
F08,2012-08,1.6754,2.55
F08,2012-09,1.967,2.73
F08,2012-10,-1.0744,-1.76
F08,2012-11,1.1582,0.78
F08,2012-12,-0.3768,1.18
F08,2013-01,5.5253,5.57
F08,2013-02,2.5664,1.29
F08,2013-03,4.5558,4.03
F08,2013-04,1.7696,1.55
F08,2013-05,3.0173,2.8
F08,2013-06,-1.0861,-1.2
F08,2013-07,6.4332,5.65
F08,2013-08,-3.6064,-2.71
F08,2013-09,4.9522,3.77
F08,2013-10,3.8242,4.18
F08,2013-11,3.4895,3.12
F08,2013-12,3.2319,2.81
F08,2014-01,-2.2618,-3.32
F08,2014-02,5.7374,4.65
F08,2014-03,1.0944,0.43
F08,2014-04,0.3079,-0.19
F08,2014-05,2.3814,2.06
F08,2014-06,3.0346,2.61
F08,2014-07,-1.0807,-2.04
F08,2014-08,6.3571,4.24
F08,2014-09,3.1723,-1.97
F08,2014-10,4.0888,2.52
F08,2014-11,2.396,2.55
F08,2014-12,0.7223,-0.06
F08,2015-01,-2.9352,-3.11
F08,2015-02,6.57,6.13
F08,2015-03,-1.3217,-1.12
F08,2015-04,-0.378,0.59
F08,2015-05,1.7613,1.36
F08,2015-06,-2.9827,-1.53
F08,2015-07,0.2445,1.54
F08,2015-08,-6.0618,-6.04
F08,2015-09,-1.6627,-3.08
F08,2015-10,8.2467,7.75
F08,2015-11,0.5683,0.56
F08,2015-12,-3.651,-2.17
F08,2016-01,-6.2907,-5.77
F08,2016-02,0.0225,-0.07
F08,2016-03,9.1946,6.96
F08,2016-04,0.85,0.92
F08,2016-05,2.0633,1.78
F08,2016-06,0.2646,-0.05
F08,2016-07,5.2246,3.95
F08,2016-08,-1.3469,0.5
F08,2016-09,0.0631,0.25
F08,2016-10,-1.3376,-2.02
F08,2016-11,4.7162,4.86
F08,2016-12,2.7375,1.81
F09,2002-06,-11.91,-7.21
F09,2002-07,-6.5093,-8.18
F09,2002-08,-0.5071,0.5
F09,2002-09,-9.5911,-10.35
F09,2002-10,7.1215,7.84
F09,2002-11,6.8781,5.96
F09,2002-12,-4.6833,-5.76
F09,2003-01,-0.9295,-2.57
F09,2003-02,-1.2438,-1.88
F09,2003-03,0.0939,1.09
F09,2003-04,7.6575,8.22
F09,2003-05,5.5586,6.05
F09,2003-06,2.3657,1.42
F09,2003-07,-1.5842,2.35
F09,2003-08,2.6199,2.34
F09,2003-09,-1.0892,-1.24
F09,2003-10,7.006,6.08
F09,2003-11,0.2391,1.35
F09,2003-12,4.07,4.29
F09,2004-01,2.3629,2.15
F09,2004-02,0.3593,1.4
F09,2004-03,-0.4971,-1.32
F09,2004-04,-0.8481,-1.83
F09,2004-05,-0.2697,1.17
F09,2004-06,1.5884,1.86
F09,2004-07,-3.5235,-4.06
F09,2004-08,-1.6093,0.08
F09,2004-09,3.3095,1.6
F09,2004-10,-0.2761,1.43
F09,2004-11,1.8158,4.54
F09,2004-12,2.5797,3.43
F09,2005-01,-2.2761,-2.76
F09,2005-02,0.7739,1.89
F09,2005-03,-2.5701,-1.97
F09,2005-04,-3.5151,-2.61
F09,2005-05,5.5274,3.65
F09,2005-06,0.9644,0.57
F09,2005-07,5.571,3.92
F09,2005-08,-1.564,-1.22
F09,2005-09,0.6874,0.49
F09,2005-10,0.2115,-2.02
F09,2005-11,4.8956,3.61
F09,2005-12,0.2081,-0.25
F09,2006-01,3.123,3.04
F09,2006-02,-0.1675,-0.3
F09,2006-03,1.1791,1.46
F09,2006-04,-7.5859,0.73
F09,2006-05,-5.0694,-3.57
F09,2006-06,-1.1007,-0.35
F09,2006-07,-0.6899,-0.78
F09,2006-08,-5.0878,2.03
F09,2006-09,3.1072,1.84
F09,2006-10,3.5866,3.23
F09,2006-11,1.9692,1.71
F09,2006-12,3.6808,0.87
F09,2007-01,1.8076,1.4
F09,2007-02,-2.1853,-1.96
F09,2007-03,-1.3847,0.68
F09,2007-04,3.8234,3.49
F09,2007-05,6.1482,3.24
F09,2007-06,-1.6834,-1.96
F09,2007-07,-3.4063,-3.73
F09,2007-08,-3.1481,0.92
F09,2007-09,4.4451,3.22
F09,2007-10,3.0561,1.8
F09,2007-11,-1.923,-4.83
F09,2007-12,-1.1692,-0.87
F09,2008-01,-7.9993,-6.36
F09,2008-02,-1.9521,-3.09
F09,2008-03,-1.2666,-0.93
F09,2008-04,3.1974,4.6
F09,2008-05,3.9198,1.86
F09,2008-06,-8.2261,-8.44
F09,2008-07,-2.8391,-0.77
F09,2008-08,1.4922,1.53
F09,2008-09,-7.1646,-9.24
F09,2008-10,-15.0088,-17.23
F09,2008-11,-3.8224,-7.86
F09,2008-12,2.7224,1.74
F09,2009-01,-9.0047,-8.12
F09,2009-02,-10.4361,-10.1
F09,2009-03,6.4971,8.95
F09,2009-04,10.5081,10.19
F09,2009-05,2.8466,5.21
F09,2009-06,2.3722,0.43
F09,2009-07,4.6588,7.72
F09,2009-08,3.3402,3.33
F09,2009-09,3.5185,4.08
F09,2009-10,-2.582,-2.59
F09,2009-11,4.2458,5.56
F09,2009-12,1.8775,2.75
F09,2010-01,-3.5767,-3.36
F09,2010-02,2.7334,3.4
F09,2010-03,5.4083,6.31
F09,2010-04,1.1873,2.0
F09,2010-05,-9.6485,-7.89
F09,2010-06,-2.8917,-5.56
F09,2010-07,6.3159,6.93
F09,2010-08,-5.0278,-4.77
F09,2010-09,9.026,9.54
F09,2010-10,4.7727,3.88
F09,2010-11,2.9991,0.6
F09,2010-12,5.8507,6.82
F09,2011-01,1.7189,1.99
F09,2011-02,0.7717,3.49
F09,2011-03,-3.2064,0.45
F09,2011-04,4.7765,2.9
F09,2011-05,-0.6102,-1.27
F09,2011-06,0.7358,-1.75
F09,2011-07,-4.9916,-2.36
F09,2011-08,-4.3056,-5.99
F09,2011-09,-5.5205,-7.59
F09,2011-10,8.981,11.35
F09,2011-11,-2.2593,-0.28
F09,2011-12,2.0845,0.74
F09,2012-01,5.6936,5.05
F09,2012-02,0.6479,4.42
F09,2012-03,3.7929,3.11
F09,2012-04,-1.2447,-0.85
F09,2012-05,-5.223,-6.19
F09,2012-06,8.585,3.89
F09,2012-07,0.0602,0.79
F09,2012-08,3.9194,2.55
F09,2012-09,2.8968,2.73
F09,2012-10,-0.0891,-1.76
F09,2012-11,1.0747,0.78
F09,2012-12,2.4054,1.18
F09,2013-01,5.8655,5.57
F09,2013-02,1.3646,1.29
F09,2013-03,2.9658,4.03
F09,2013-04,2.3262,1.55
F09,2013-05,4.0582,2.8
F09,2013-06,-5.9073,-1.2
F09,2013-07,4.4507,5.65
F09,2013-08,-0.6045,-2.71
F09,2013-09,4.196,3.77
F09,2013-10,3.1043,4.18
F09,2013-11,2.7968,3.12
F09,2013-12,4.4241,2.81
F09,2014-01,-2.0512,-3.32
F09,2014-02,3.0568,4.65
F09,2014-03,0.4318,0.43
F09,2014-04,0.2155,-0.19
F09,2014-05,1.5847,2.06
F09,2014-06,2.5818,2.61
F09,2014-07,0.6504,-2.04
F09,2014-08,4.7652,4.24
F09,2014-09,-2.7069,-1.97
F09,2014-10,2.9647,2.52
F09,2014-11,-1.8007,2.55
F09,2014-12,-0.3438,-0.06
F09,2015-01,-0.8417,-3.11
F09,2015-02,3.8323,6.13
F09,2015-03,0.2148,-1.12
F09,2015-04,-0.9057,0.59
F09,2015-05,0.7434,1.36
F09,2015-06,-1.093,-1.53
F09,2015-07,1.4599,1.54
F09,2015-08,-5.6243,-6.04
F09,2015-09,-3.7905,-3.08
F09,2015-10,7.7718,7.75
F09,2015-11,-1.2655,0.56
F09,2015-12,-0.5168,-2.17
F09,2016-01,-5.2764,-5.77
F09,2016-02,1.0484,-0.07
F09,2016-03,8.152,6.96
F09,2016-04,1.2067,0.92
F09,2016-05,0.8643,1.78
F09,2016-06,2.3501,-0.05
F09,2016-07,8.458,3.95
F09,2016-08,6.3051,0.5
F09,2016-09,3.1282,0.25
F09,2016-10,0.4909,-2.02
F09,2016-11,6.6035,4.86
F09,2016-12,0.9459,1.81
F10,2004-02,2.8612,1.4
F10,2004-03,-2.2048,-1.32
F10,2004-04,-1.5971,-1.83
F10,2004-05,1.5864,1.17
F10,2004-06,1.2741,1.86
F10,2004-07,-4.7648,-4.06
F10,2004-08,-1.7752,0.08
F10,2004-09,2.1433,1.6
F10,2004-10,1.4058,1.43
F10,2004-11,4.2897,4.54
F10,2004-12,3.1609,3.43
F10,2005-01,-5.3572,-2.76
F10,2005-02,-0.2347,1.89
F10,2005-03,0.5846,-1.97
F10,2005-04,-3.0777,-2.61
F10,2005-05,2.9292,3.65
F10,2005-06,-0.0211,0.57
F10,2005-07,1.7532,3.92
F10,2005-08,-0.6961,-1.22
F10,2005-09,1.1048,0.49
F10,2005-10,-3.3059,-2.02
F10,2005-11,1.2447,3.61
F10,2005-12,-0.5598,-0.25
F10,2006-01,2.6688,3.04
F10,2006-02,-0.7764,-0.3
F10,2006-03,-1.3175,1.46
F10,2006-04,0.2428,0.73
F10,2006-05,-4.664,-3.57
F10,2006-06,-1.4753,-0.35
F10,2006-07,-1.1758,-0.78
F10,2006-08,2.0214,2.03
F10,2006-09,1.8265,1.84
F10,2006-10,1.993,3.23
F10,2006-11,2.0061,1.71
F10,2006-12,-1.2778,0.87
F10,2007-01,2.3398,1.4
F10,2007-02,-3.3301,-1.96
F10,2007-03,-0.4476,0.68
F10,2007-04,3.3598,3.49
F10,2007-05,0.2139,3.24
F10,2007-06,-2.2836,-1.96
F10,2007-07,-2.845,-3.73
F10,2007-08,0.6705,0.92
F10,2007-09,0.9795,3.22
F10,2007-10,-0.7802,1.8
F10,2007-11,-3.6456,-4.83
F10,2007-12,-0.8245,-0.87
F10,2008-01,-5.1229,-6.36
F10,2008-02,-2.6542,-3.09
F10,2008-03,1.9556,-0.93
F10,2008-04,4.635,4.6
F10,2008-05,2.2586,1.86
F10,2008-06,-6.9251,-8.44
F10,2008-07,-0.7982,-0.77
F10,2008-08,1.1443,1.53
F10,2008-09,-6.5769,-9.24
F10,2008-10,-16.7214,-17.23
F10,2008-11,-7.1857,-7.86
F10,2008-12,1.5122,1.74
F10,2009-01,-7.359,-8.12
F10,2009-02,-9.0208,-10.1
F10,2009-03,7.4377,8.95
F10,2009-04,9.5128,10.19
F10,2009-05,5.9099,5.21
F10,2009-06,2.1248,0.43
F10,2009-07,2.9869,7.72
F10,2009-08,2.5704,3.33
F10,2009-09,4.3682,4.08
F10,2009-10,-2.0984,-2.59
F10,2009-11,3.6468,5.56
F10,2009-12,2.3724,2.75
F10,2010-01,-5.4734,-3.36
F10,2010-02,3.3411,3.4
F10,2010-03,4.8232,6.31
F10,2010-04,1.7212,2.0
F10,2010-05,-7.5916,-7.89
F10,2010-06,-4.1253,-5.56
F10,2010-07,5.744,6.93
F10,2010-08,-4.9135,-4.77
F10,2010-09,9.7857,9.54
F10,2010-10,7.3658,3.88
F10,2010-11,-0.5729,0.6
F10,2010-12,5.7061,6.82
F10,2011-01,0.2914,1.99
F10,2011-02,2.6803,3.49
F10,2011-03,0.1994,0.45
F10,2011-04,1.4057,2.9
F10,2011-05,-4.9296,-1.27
F10,2011-06,-1.5248,-1.75
F10,2011-07,0.6508,-2.36
F10,2011-08,-4.8211,-5.99
F10,2011-09,-8.4256,-7.59
F10,2011-10,9.108,11.35
F10,2011-11,-0.665,-0.28
F10,2011-12,1.7604,0.74
F10,2012-01,4.5518,5.05
F10,2012-02,5.003,4.42
F10,2012-03,5.1159,3.11
F10,2012-04,-1.5048,-0.85
F10,2012-05,-5.3677,-6.19
F10,2012-06,3.1148,3.89
F10,2012-07,-1.4914,0.79
F10,2012-08,1.9961,2.55
F10,2012-09,2.9561,2.73
F10,2012-10,-3.06,-1.76
F10,2012-11,-0.7199,0.78
F10,2012-12,1.8009,1.18
F10,2013-01,8.8486,5.57
F10,2013-02,2.3408,1.29
F10,2013-03,4.4894,4.03
F10,2013-04,-0.504,1.55
F10,2013-05,0.4325,2.8
F10,2013-06,-0.7447,-1.2
F10,2013-07,4.4213,5.65
F10,2013-08,-1.8489,-2.71
F10,2013-09,0.7736,3.77
F10,2013-10,3.9266,4.18
F10,2013-11,3.1128,3.12
F10,2013-12,2.8079,2.81
F10,2014-01,-2.7335,-3.32
F10,2014-02,7.3134,4.65
F10,2014-03,-0.2979,0.43
F10,2014-04,-0.8142,-0.19
F10,2014-05,3.001,2.06
F10,2014-06,3.477,2.61
F10,2014-07,-1.4769,-2.04
F10,2014-08,5.1131,4.24
F10,2014-09,-2.783,-1.97
F10,2014-10,1.498,2.52
F10,2014-11,2.5847,2.55
F10,2014-12,-2.3863,-0.06
F10,2015-01,-4.5004,-3.11
F10,2015-02,4.5446,6.13
F10,2015-03,-1.0766,-1.12
F10,2015-04,1.4544,0.59
F10,2015-05,1.5273,1.36
F10,2015-06,-2.4811,-1.53
F10,2015-07,2.4818,1.54
F10,2015-08,-4.0601,-6.04
F10,2015-09,-0.3844,-3.08
F10,2015-10,7.6314,7.75
F10,2015-11,-1.1774,0.56
F10,2015-12,-1.4284,-2.17
F10,2016-01,-4.6536,-5.77
F10,2016-02,1.7777,-0.07
F10,2016-03,7.1282,6.96
F10,2016-04,-0.6008,0.92
F10,2016-05,1.241,1.78
F10,2016-06,-1.7987,-0.05
F10,2016-07,-0.1822,3.95
F10,2016-08,0.0168,0.5
F10,2016-09,1.1239,0.25
F10,2016-10,-2.708,-2.02
F10,2016-11,4.1857,4.86
F10,2016-12,0.9882,1.81
F11,2007-11,-4.5658,-4.83
F11,2007-12,0.5584,-0.87
F11,2008-01,-5.8411,-6.36
F11,2008-02,-0.8984,-3.09
F11,2008-03,0.2308,-0.93
F11,2008-04,3.0376,4.6
F11,2008-05,1.521,1.86
F11,2008-06,-7.4394,-8.44
F11,2008-07,-1.7814,-0.77
F11,2008-08,4.8444,1.53
F11,2008-09,-6.1845,-9.24
F11,2008-10,-16.4243,-17.23
F11,2008-11,-4.445,-7.86
F11,2008-12,1.7808,1.74
F11,2009-01,-1.8888,-8.12
F11,2009-02,-8.1254,-10.1
F11,2009-03,5.3747,8.95
F11,2009-04,8.2507,10.19
F11,2009-05,4.5541,5.21
F11,2009-06,-0.3762,0.43
F11,2009-07,3.5842,7.72
F11,2009-08,3.7233,3.33
F11,2009-09,-0.5448,4.08
F11,2009-10,-0.75,-2.59
F11,2009-11,4.0161,5.56
F11,2009-12,3.4355,2.75
F11,2010-01,-3.3171,-3.36
F11,2010-02,2.7365,3.4
F11,2010-03,3.7584,6.31
F11,2010-04,2.5407,2.0
F11,2010-05,-5.7116,-7.89
F11,2010-06,-0.7319,-5.56
F11,2010-07,6.8758,6.93
F11,2010-08,-3.2752,-4.77
F11,2010-09,7.645,9.54
F11,2010-10,3.4427,3.88
F11,2010-11,-5.3674,0.6
F11,2010-12,5.196,6.82
F11,2011-01,2.6301,1.99
F11,2011-02,3.6364,3.49
F11,2011-03,1.4425,0.45
F11,2011-04,0.2364,2.9
F11,2011-05,8.4178,-1.27
F11,2011-06,-2.3019,-1.75
F11,2011-07,-0.376,-2.36
F11,2011-08,-6.0771,-5.99
F11,2011-09,-5.2195,-7.59
F11,2011-10,8.5434,11.35
F11,2011-11,0.1582,-0.28
F11,2011-12,-1.0959,0.74
F11,2012-01,2.5473,5.05
F11,2012-02,5.0805,4.42
F11,2012-03,3.2558,3.11
F11,2012-04,-0.2685,-0.85
F11,2012-05,-3.8405,-6.19
F11,2012-06,-1.6714,3.89
F11,2012-07,0.1971,0.79
F11,2012-08,2.1037,2.55
F11,2012-09,1.4079,2.73
F11,2012-10,-2.1356,-1.76
F11,2012-11,1.5034,0.78
F11,2012-12,1.0182,1.18
F11,2013-01,3.9351,5.57
F11,2013-02,0.5127,1.29
F11,2013-03,4.4656,4.03
F11,2013-04,0.4554,1.55
F11,2013-05,2.2255,2.8
F11,2013-06,0.3007,-1.2
F11,2013-07,3.3856,5.65
F11,2013-08,-0.5887,-2.71
F11,2013-09,3.487,3.77
F11,2013-10,3.7763,4.18
F11,2013-11,0.984,3.12
F11,2013-12,2.8784,2.81
F11,2014-01,-2.2709,-3.32
F11,2014-02,3.2454,4.65
F11,2014-03,-1.6947,0.43
F11,2014-04,1.3124,-0.19
F11,2014-05,6.7833,2.06
F11,2014-06,5.6249,2.61
F11,2014-07,-0.6862,-2.04
F11,2014-08,3.2915,4.24
F11,2014-09,0.9923,-1.97
F11,2014-10,1.7949,2.52
F11,2014-11,4.4544,2.55
F11,2014-12,0.3309,-0.06
F11,2015-01,-1.9568,-3.11
F11,2015-02,2.4172,6.13
F11,2015-03,-1.4452,-1.12
F11,2015-04,0.1761,0.59
F11,2015-05,-0.6724,1.36
F11,2015-06,-0.9489,-1.53
F11,2015-07,3.6428,1.54
F11,2015-08,-6.7537,-6.04
F11,2015-09,-1.5483,-3.08
F11,2015-10,6.2778,7.75
F11,2015-11,-0.4746,0.56
F11,2015-12,-2.7614,-2.17
F11,2016-01,-4.9919,-5.77
F11,2016-02,0.5861,-0.07
F11,2016-03,5.6753,6.96
F11,2016-04,1.0982,0.92
F11,2016-05,0.5538,1.78
F11,2016-06,1.1896,-0.05
F11,2016-07,4.9122,3.95
F11,2016-08,-1.7304,0.5
F11,2016-09,-1.5897,0.25
F11,2016-10,-3.1599,-2.02
F11,2016-11,2.9376,4.86
F11,2016-12,-1.2252,1.81
F12,2002-12,-2.4585,-5.76
F12,2003-01,-2.4345,-2.57
F12,2003-02,-1.1121,-1.88
F12,2003-03,1.9642,1.09
F12,2003-04,10.4811,8.22
F12,2003-05,11.6323,6.05
F12,2003-06,1.4132,1.42
F12,2003-07,2.4584,2.35
F12,2003-08,0.1784,2.34
F12,2003-09,-4.6961,-1.24
F12,2003-10,3.7913,6.08
F12,2003-11,-0.6794,1.35
F12,2003-12,6.2824,4.29
F12,2004-01,6.3706,2.15
F12,2004-02,-1.7345,1.4
F12,2004-03,0.8971,-1.32
F12,2004-04,-4.1041,-1.83
F12,2004-05,1.8683,1.17
F12,2004-06,0.6605,1.86
F12,2004-07,-3.5388,-4.06
F12,2004-08,0.511,0.08
F12,2004-09,-1.4624,1.6
F12,2004-10,1.3081,1.43
F12,2004-11,4.8171,4.54
F12,2004-12,2.2678,3.43
F12,2005-01,-4.9433,-2.76
F12,2005-02,1.8311,1.89
F12,2005-03,-10.9114,-1.97
F12,2005-04,-3.1022,-2.61
F12,2005-05,3.586,3.65
F12,2005-06,3.6897,0.57
F12,2005-07,1.5455,3.92
F12,2005-08,-3.2202,-1.22
F12,2005-09,-0.3929,0.49
F12,2005-10,-1.7098,-2.02
F12,2005-11,7.2638,3.61
F12,2005-12,-2.5989,-0.25
F12,2006-01,7.3059,3.04
F12,2006-02,1.1284,-0.3
F12,2006-03,2.3731,1.46
F12,2006-04,-2.4277,0.73
F12,2006-05,-7.6246,-3.57
F12,2006-06,2.6269,-0.35
F12,2006-07,-2.4656,-0.78
F12,2006-08,6.4992,2.03
F12,2006-09,6.8073,1.84
F12,2006-10,4.049,3.23
F12,2006-11,-0.6371,1.71
F12,2006-12,0.3559,0.87
F12,2007-01,-9.9235,1.4
F12,2007-02,0.938,-1.96
F12,2007-03,1.6311,0.68
F12,2007-04,0.5927,3.49
F12,2007-05,6.7434,3.24
F12,2007-06,-2.9244,-1.96
F12,2007-07,-5.0938,-3.73
F12,2007-08,-2.1173,0.92
F12,2007-09,6.2762,3.22
F12,2007-10,-1.0613,1.8
F12,2007-11,-5.2441,-4.83
F12,2007-12,0.37,-0.87
F12,2008-01,-10.0288,-6.36
F12,2008-02,-0.0267,-3.09
F12,2008-03,-0.5789,-0.93
F12,2008-04,7.7216,4.6
F12,2008-05,0.1477,1.86
F12,2008-06,-9.798,-8.44
F12,2008-07,-0.3384,-0.77
F12,2008-08,6.8524,1.53
F12,2008-09,-16.7174,-9.24
F12,2008-10,-21.0594,-17.23
F12,2008-11,-6.4581,-7.86
F12,2008-12,0.8669,1.74
F12,2009-01,-10.3923,-8.12
F12,2009-02,-6.5449,-10.1
F12,2009-03,8.2611,8.95
F12,2009-04,15.4045,10.19
F12,2009-05,7.6705,5.21
F12,2009-06,8.5883,0.43
F12,2009-07,8.8203,7.72
F12,2009-08,2.4585,3.33
F12,2009-09,5.066,4.08
F12,2009-10,-2.7429,-2.59
F12,2009-11,7.409,5.56
F12,2009-12,1.128,2.75
F12,2010-01,-2.2248,-3.36
F12,2010-02,-3.8753,3.4
F12,2010-03,1.9137,6.31
F12,2010-04,4.6039,2.0
F12,2010-05,-5.8714,-7.89
F12,2010-06,-4.2611,-5.56
F12,2010-07,7.3452,6.93
F12,2010-08,-5.5084,-4.77
F12,2010-09,12.8414,9.54
F12,2010-10,1.4626,3.88
F12,2010-11,0.2889,0.6
F12,2010-12,6.2808,6.82
F12,2011-01,3.0723,1.99
F12,2011-02,-1.9463,3.49
F12,2011-03,2.022,0.45
F12,2011-04,4.0498,2.9
F12,2011-05,-0.3462,-1.27
F12,2011-06,0.1363,-1.75
F12,2011-07,-4.4854,-2.36
F12,2011-08,-2.2016,-5.99
F12,2011-09,-7.8115,-7.59
F12,2011-10,11.1602,11.35
F12,2011-11,0.9894,-0.28
F12,2011-12,-0.5723,0.74
F12,2012-01,6.994,5.05
F12,2012-02,5.4456,4.42
F12,2012-03,9.7252,3.11
F12,2012-04,-2.0033,-0.85
F12,2012-05,-12.347,-6.19
F12,2012-06,3.236,3.89
F12,2012-07,1.9544,0.79
F12,2012-08,2.4233,2.55
F12,2012-09,4.1917,2.73
F12,2012-10,-5.6127,-1.76
F12,2012-11,-3.8719,0.78
F12,2012-12,-0.7723,1.18
F12,2013-01,8.6016,5.57
F12,2013-02,0.2624,1.29
F12,2013-03,4.3407,4.03
F12,2013-04,3.3003,1.55
F12,2013-05,-0.363,2.8
F12,2013-06,-3.5554,-1.2
F12,2013-07,7.518,5.65
F12,2013-08,4.4531,-2.71
F12,2013-09,10.1096,3.77
F12,2013-10,4.4994,4.18
F12,2013-11,-7.3382,3.12
F12,2013-12,1.6177,2.81
F12,2014-01,-0.5357,-3.32
F12,2014-02,3.7019,4.65
F12,2014-03,1.173,0.43
F12,2014-04,0.8954,-0.19
F12,2014-05,1.5231,2.06
F12,2014-06,-3.4147,2.61
F12,2014-07,0.601,-2.04
F12,2014-08,7.3417,4.24
F12,2014-09,-3.3211,-1.97
F12,2014-10,-1.7983,2.52
F12,2014-11,10.1033,2.55
F12,2014-12,-1.7722,-0.06
F12,2015-01,-4.4143,-3.11
F12,2015-02,9.153,6.13
F12,2015-03,4.0448,-1.12
F12,2015-04,2.7854,0.59
F12,2015-05,0.4806,1.36
F12,2015-06,2.378,-1.53
F12,2015-07,9.3152,1.54
F12,2015-08,-1.8349,-6.04
F12,2015-09,-2.1806,-3.08
F12,2015-10,6.6381,7.75
F12,2015-11,-1.0885,0.56
F12,2015-12,-1.9011,-2.17
F12,2016-01,-8.1853,-5.77
F12,2016-02,1.4142,-0.07
F12,2016-03,7.2316,6.96
F12,2016-04,-2.6378,0.92
F12,2016-05,-2.5249,1.78
F12,2016-06,3.2082,-0.05
F12,2016-07,3.6077,3.95
F12,2016-08,-0.9944,0.5
F12,2016-09,-2.302,0.25
F12,2016-10,0.4784,-2.02
F12,2016-11,7.1642,4.86
F12,2016-12,0.9237,1.81
F13,2009-02,-14.17,-10.1
F13,2009-03,9.1261,8.95
F13,2009-04,12.2831,10.19
F13,2009-05,5.5519,5.21
F13,2009-06,0.602,0.43
F13,2009-07,7.4785,7.72
F13,2009-08,4.4146,3.33
F13,2009-09,5.4864,4.08
F13,2009-10,-2.2524,-2.59
F13,2009-11,2.5415,5.56
F13,2009-12,1.74,2.75
F13,2010-01,-4.0153,-3.36
F13,2010-02,1.6262,3.4
F13,2010-03,8.3609,6.31
F13,2010-04,2.4332,2.0
F13,2010-05,-9.1079,-7.89
F13,2010-06,-3.158,-5.56
F13,2010-07,5.6323,6.93
F13,2010-08,-2.9675,-4.77
F13,2010-09,10.8678,9.54
F13,2010-10,5.8837,3.88
F13,2010-11,0.894,0.6
F13,2010-12,7.6601,6.82
F13,2011-01,1.8729,1.99
F13,2011-02,10.3702,3.49
F13,2011-03,2.4039,0.45
F13,2011-04,2.5218,2.9
F13,2011-05,-0.8619,-1.27
F13,2011-06,-3.3149,-1.75
F13,2011-07,-0.4912,-2.36
F13,2011-08,-6.9934,-5.99
F13,2011-09,-9.2643,-7.59
F13,2011-10,10.0559,11.35
F13,2011-11,-1.5872,-0.28
F13,2011-12,1.0126,0.74
F13,2012-01,6.3281,5.05
F13,2012-02,7.7608,4.42
F13,2012-03,1.2393,3.11
F13,2012-04,-0.7831,-0.85
F13,2012-05,-5.7499,-6.19
F13,2012-06,7.3125,3.89
F13,2012-07,1.849,0.79
F13,2012-08,1.1685,2.55
F13,2012-09,1.424,2.73
F13,2012-10,-0.0422,-1.76
F13,2012-11,0.3068,0.78
F13,2012-12,0.7588,1.18
F13,2013-01,6.6643,5.57
F13,2013-02,2.7885,1.29
F13,2013-03,3.4458,4.03
F13,2013-04,3.1955,1.55
F13,2013-05,1.1028,2.8
F13,2013-06,0.0712,-1.2
F13,2013-07,4.3724,5.65
F13,2013-08,-2.8298,-2.71
F13,2013-09,2.6744,3.77
F13,2013-10,7.3523,4.18
F13,2013-11,3.8581,3.12
F13,2013-12,4.173,2.81
F13,2014-01,-3.04,-3.32
F13,2014-02,6.5413,4.65
F13,2014-03,-3.6768,0.43
F13,2014-04,0.0039,-0.19
F13,2014-05,0.4013,2.06
F13,2014-06,1.1822,2.61
F13,2014-07,0.4894,-2.04
F13,2014-08,6.1765,4.24
F13,2014-09,-0.4884,-1.97
F13,2014-10,1.569,2.52
F13,2014-11,3.8067,2.55
F13,2014-12,2.1671,-0.06
F13,2015-01,-4.139,-3.11
F13,2015-02,11.3141,6.13
F13,2015-03,0.1456,-1.12
F13,2015-04,2.3552,0.59
F13,2015-05,2.1699,1.36
F13,2015-06,-0.9102,-1.53
F13,2015-07,1.235,1.54
F13,2015-08,-5.4382,-6.04
F13,2015-09,-0.9379,-3.08
F13,2015-10,7.692,7.75
F13,2015-11,-0.3614,0.56
F13,2015-12,-2.0948,-2.17
F13,2016-01,-10.1806,-5.77
F13,2016-02,2.5059,-0.07
F13,2016-03,9.6531,6.96
F13,2016-04,2.5058,0.92
F13,2016-05,1.6437,1.78
F13,2016-06,-1.2338,-0.05
F13,2016-07,4.2557,3.95
F13,2016-08,-1.3912,0.5
F13,2016-09,-0.2001,0.25
F13,2016-10,-0.3251,-2.02
F13,2016-11,6.4344,4.86
F13,2016-12,4.4939,1.81
F14,2009-03,11.038,8.95
F14,2009-04,10.7582,10.19
F14,2009-05,4.4267,5.21
F14,2009-06,0.5437,0.43
F14,2009-07,8.3501,7.72
F14,2009-08,2.0696,3.33
F14,2009-09,6.4338,4.08
F14,2009-10,-4.3866,-2.59
F14,2009-11,6.3869,5.56
F14,2009-12,3.3029,2.75
F14,2010-01,-4.0238,-3.36
F14,2010-02,4.9951,3.4
F14,2010-03,6.8295,6.31
F14,2010-04,3.2138,2.0
F14,2010-05,-8.9365,-7.89
F14,2010-06,-6.2471,-5.56
F14,2010-07,6.7954,6.93
F14,2010-08,-6.24,-4.77
F14,2010-09,11.9433,9.54
F14,2010-10,3.2162,3.88
F14,2010-11,1.1954,0.6
F14,2010-12,6.921,6.82
F14,2011-01,4.1112,1.99
F14,2011-02,3.422,3.49
F14,2011-03,1.7987,0.45
F14,2011-04,4.3858,2.9
F14,2011-05,-1.123,-1.27
F14,2011-06,1.3509,-1.75
F14,2011-07,-2.995,-2.36
F14,2011-08,-6.9178,-5.99
F14,2011-09,-6.3325,-7.59
F14,2011-10,12.9962,11.35
F14,2011-11,-0.5641,-0.28
F14,2011-12,-0.3405,0.74
F14,2012-01,4.9103,5.05
F14,2012-02,4.6536,4.42
F14,2012-03,2.9499,3.11
F14,2012-04,-3.3876,-0.85
F14,2012-05,-9.547,-6.19
F14,2012-06,4.8594,3.89
F14,2012-07,-0.7691,0.79
F14,2012-08,4.4093,2.55
F14,2012-09,1.8854,2.73
F14,2012-10,-3.5261,-1.76
F14,2012-11,2.8398,0.78
F14,2012-12,5.3741,1.18
F14,2013-01,5.4937,5.57
F14,2013-02,-0.0197,1.29
F14,2013-03,5.8275,4.03
F14,2013-04,-4.7644,1.55
F14,2013-05,1.6169,2.8
F14,2013-06,-6.4362,-1.2
F14,2013-07,7.1308,5.65
F14,2013-08,-1.8158,-2.71
F14,2013-09,3.8172,3.77
F14,2013-10,8.7067,4.18
F14,2013-11,2.9352,3.12
F14,2013-12,1.1851,2.81
F14,2014-01,-5.2841,-3.32
F14,2014-02,1.4765,4.65
F14,2014-03,0.7053,0.43
F14,2014-04,-2.033,-0.19
F14,2014-05,0.761,2.06
F14,2014-06,2.492,2.61
F14,2014-07,-1.8046,-2.04
F14,2014-08,1.1336,4.24
F14,2014-09,-3.1294,-1.97
F14,2014-10,1.8959,2.52
F14,2014-11,3.8239,2.55
F14,2014-12,1.3973,-0.06
F14,2015-01,-0.9577,-3.11
F14,2015-02,6.2283,6.13
F14,2015-03,-3.7668,-1.12
F14,2015-04,-2.7276,0.59
F14,2015-05,3.5608,1.36
F14,2015-06,-1.8607,-1.53
F14,2015-07,-1.0425,1.54
F14,2015-08,-8.0425,-6.04
F14,2015-09,-3.5096,-3.08
F14,2015-10,8.6455,7.75
F14,2015-11,-0.216,0.56
F14,2015-12,-4.6838,-2.17
F14,2016-01,-6.2903,-5.77
F14,2016-02,0.3611,-0.07
F14,2016-03,5.5931,6.96
F14,2016-04,-1.3587,0.92
F14,2016-05,2.2837,1.78
F14,2016-06,-0.2347,-0.05
F14,2016-07,3.1828,3.95
F14,2016-08,-0.8861,0.5
F14,2016-09,0.0851,0.25
F14,2016-10,-3.2236,-2.02
F14,2016-11,5.9235,4.86
F14,2016-12,0.6314,1.81
F15,2012-02,5.4405,4.42
F15,2012-03,1.4653,3.11
F15,2012-04,-0.6157,-0.85
F15,2012-05,-6.8432,-6.19
F15,2012-06,3.7276,3.89
F15,2012-07,0.9366,0.79
F15,2012-08,2.2999,2.55
F15,2012-09,0.5826,2.73
F15,2012-10,-2.532,-1.76
F15,2012-11,0.7361,0.78
F15,2012-12,0.4147,1.18
F15,2013-01,5.7174,5.57
F15,2013-02,2.1657,1.29
F15,2013-03,4.7465,4.03
F15,2013-04,2.7625,1.55
F15,2013-05,3.2668,2.8
F15,2013-06,-0.7754,-1.2
F15,2013-07,5.9964,5.65
F15,2013-08,-2.5692,-2.71
F15,2013-09,3.7799,3.77
F15,2013-10,5.5208,4.18
F15,2013-11,2.9544,3.12
F15,2013-12,3.073,2.81
F15,2014-01,-2.878,-3.32
F15,2014-02,5.8502,4.65
F15,2014-03,0.9401,0.43
F15,2014-04,-1.4321,-0.19
F15,2014-05,2.4001,2.06
F15,2014-06,2.5294,2.61
F15,2014-07,-2.1355,-2.04
F15,2014-08,4.3004,4.24
F15,2014-09,-3.1906,-1.97
F15,2014-10,4.2443,2.52
F15,2014-11,1.3673,2.55
F15,2014-12,2.7643,-0.06
F15,2015-01,-3.2307,-3.11
F15,2015-02,6.2508,6.13
F15,2015-03,-0.3011,-1.12
F15,2015-04,0.0021,0.59
F15,2015-05,1.4154,1.36
F15,2015-06,-1.6591,-1.53
F15,2015-07,2.4619,1.54
F15,2015-08,-6.5121,-6.04
F15,2015-09,-4.1294,-3.08
F15,2015-10,8.1514,7.75
F15,2015-11,-0.155,0.56
F15,2015-12,-3.3993,-2.17
F15,2016-01,-4.9948,-5.77
F15,2016-02,0.8233,-0.07
F15,2016-03,8.3304,6.96
F15,2016-04,1.8397,0.92
F15,2016-05,0.453,1.78
F15,2016-06,-0.4319,-0.05
F15,2016-07,4.347,3.95
F15,2016-08,0.49,0.5
F15,2016-09,0.2067,0.25
F15,2016-10,-3.391,-2.02
F15,2016-11,2.2703,4.86
F15,2016-12,4.7493,1.81
F16,2005-04,-1.3478,-2.61
F16,2005-05,3.9381,3.65
F16,2005-06,0.5569,0.57
F16,2005-07,1.2077,3.92
F16,2005-08,-4.4671,-1.22
F16,2005-09,1.5494,0.49
F16,2005-10,-2.8348,-2.02
F16,2005-11,3.4016,3.61
F16,2005-12,-0.43,-0.25
F16,2006-01,1.6017,3.04
F16,2006-02,-1.4731,-0.3
F16,2006-03,-6.1987,1.46
F16,2006-04,4.6025,0.73
F16,2006-05,0.813,-3.57
F16,2006-06,-4.4993,-0.35
F16,2006-07,-1.5975,-0.78
F16,2006-08,-0.7932,2.03
F16,2006-09,-0.3303,1.84
F16,2006-10,3.6822,3.23
F16,2006-11,-1.2797,1.71
F16,2006-12,-0.6788,0.87
F16,2007-01,3.0269,1.4
F16,2007-02,-0.9765,-1.96
F16,2007-03,5.3028,0.68
F16,2007-04,3.3825,3.49
F16,2007-05,0.2582,3.24
F16,2007-06,-5.8431,-1.96
F16,2007-07,0.6744,-3.73
F16,2007-08,-3.5349,0.92
F16,2007-09,2.5061,3.22
F16,2007-10,-1.0803,1.8
F16,2007-11,-7.9382,-4.83
F16,2007-12,0.8747,-0.87
F16,2008-01,-4.393,-6.36
F16,2008-02,1.5516,-3.09
F16,2008-03,-1.3117,-0.93
F16,2008-04,4.6429,4.6
F16,2008-05,2.5467,1.86
F16,2008-06,-1.4284,-8.44
F16,2008-07,0.6027,-0.77
F16,2008-08,3.5408,1.53
F16,2008-09,-9.3123,-9.24
F16,2008-10,-15.1021,-17.23
F16,2008-11,-7.0736,-7.86
F16,2008-12,3.2072,1.74
F16,2009-01,-6.8,-8.12
F16,2009-02,-5.3139,-10.1
F16,2009-03,10.9443,8.95
F16,2009-04,8.4328,10.19
F16,2009-05,5.8596,5.21
F16,2009-06,2.5817,0.43
F16,2009-07,5.2531,7.72
F16,2009-08,7.812,3.33
F16,2009-09,1.7778,4.08
F16,2009-10,3.6932,-2.59
F16,2009-11,0.0382,5.56
F16,2009-12,1.8192,2.75
F16,2010-01,-3.4351,-3.36
F16,2010-02,2.854,3.4
F16,2010-03,9.291,6.31
F16,2010-04,0.388,2.0
F16,2010-05,-10.3046,-7.89
F16,2010-06,-4.2203,-5.56
F16,2010-07,5.8343,6.93
F16,2010-08,-3.5078,-4.77
F16,2010-09,7.4601,9.54
F16,2010-10,1.4811,3.88
F16,2010-11,2.3238,0.6
F16,2010-12,11.6109,6.82
F16,2011-01,-7.5579,1.99
F16,2011-02,3.1047,3.49
F16,2011-03,-1.3059,0.45
F16,2011-04,-0.7801,2.9
F16,2011-05,2.4679,-1.27
F16,2011-06,-4.6695,-1.75
F16,2011-07,-0.4133,-2.36
F16,2011-08,-6.7029,-5.99
F16,2011-09,-7.5673,-7.59
F16,2011-10,9.3144,11.35
F16,2011-11,-4.424,-0.28
F16,2011-12,-0.7789,0.74
F16,2012-01,7.0073,5.05
F16,2012-02,0.3419,4.42
F16,2012-03,3.0437,3.11
F16,2012-04,-2.1115,-0.85
F16,2012-05,-8.4177,-6.19
F16,2012-06,-1.3747,3.89
F16,2012-07,2.7873,0.79
F16,2012-08,-0.4392,2.55
F16,2012-09,1.3218,2.73
F16,2012-10,2.2294,-1.76
F16,2012-11,1.3321,0.78
F16,2012-12,7.141,1.18
F16,2013-01,-0.2147,5.57
F16,2013-02,1.0461,1.29
F16,2013-03,3.9171,4.03
F16,2013-04,-4.5146,1.55
F16,2013-05,1.8871,2.8
F16,2013-06,-2.5427,-1.2
F16,2013-07,4.7343,5.65
F16,2013-08,-1.3136,-2.71
F16,2013-09,-0.1744,3.77
F16,2013-10,8.388,4.18
F16,2013-11,3.7434,3.12
F16,2013-12,3.1683,2.81
F16,2014-01,-2.8209,-3.32
F16,2014-02,-0.4613,4.65
F16,2014-03,2.4632,0.43
F16,2014-04,0.0205,-0.19
F16,2014-05,1.144,2.06
F16,2014-06,4.9748,2.61
F16,2014-07,0.5558,-2.04
F16,2014-08,4.8161,4.24
F16,2014-09,-3.8825,-1.97
F16,2014-10,5.586,2.52
F16,2014-11,6.0898,2.55
F16,2014-12,2.9392,-0.06
F16,2015-01,-2.7327,-3.11
F16,2015-02,1.0828,6.13
F16,2015-03,-2.84,-1.12
F16,2015-04,-4.2465,0.59
F16,2015-05,-1.0646,1.36
F16,2015-06,-0.6383,-1.53
F16,2015-07,4.1636,1.54
F16,2015-08,-6.3564,-6.04
F16,2015-09,-7.9692,-3.08
F16,2015-10,9.9865,7.75
F16,2015-11,0.6706,0.56
F16,2015-12,-2.093,-2.17
F16,2016-01,-5.1969,-5.77
F16,2016-02,-2.5505,-0.07
F16,2016-03,5.9507,6.96
F16,2016-04,0.7005,0.92
F16,2016-05,-2.6929,1.78
F16,2016-06,0.5026,-0.05
F16,2016-07,3.3703,3.95
F16,2016-08,-1.133,0.5
F16,2016-09,-0.1747,0.25
F16,2016-10,1.9013,-2.02
F16,2016-11,2.8753,4.86
F16,2016-12,0.5699,1.81
F17,2012-12,0.9508,1.18
F17,2013-01,4.8548,5.57
F17,2013-02,1.0827,1.29
F17,2013-03,4.6362,4.03
F17,2013-04,2.5097,1.55
F17,2013-05,2.3221,2.8
F17,2013-06,-0.8334,-1.2
F17,2013-07,1.4858,5.65
F17,2013-08,-2.5135,-2.71
F17,2013-09,4.8428,3.77
F17,2013-10,5.6214,4.18
F17,2013-11,2.0964,3.12
F17,2013-12,6.7423,2.81
F17,2014-01,-2.9408,-3.32
F17,2014-02,1.7448,4.65
F17,2014-03,-1.5704,0.43
F17,2014-04,2.0695,-0.19
F17,2014-05,1.2125,2.06
F17,2014-06,2.7247,2.61
F17,2014-07,-0.6803,-2.04
F17,2014-08,5.0108,4.24
F17,2014-09,0.4431,-1.97
F17,2014-10,1.9182,2.52
F17,2014-11,-0.2666,2.55
F17,2014-12,-0.6554,-0.06
F17,2015-01,-1.4677,-3.11
F17,2015-02,5.7299,6.13
F17,2015-03,-3.2341,-1.12
F17,2015-04,2.2103,0.59
F17,2015-05,1.6899,1.36
F17,2015-06,-0.1171,-1.53
F17,2015-07,1.2172,1.54
F17,2015-08,-8.8835,-6.04
F17,2015-09,-2.1522,-3.08
F17,2015-10,10.0404,7.75
F17,2015-11,1.6001,0.56
F17,2015-12,-0.6295,-2.17
F17,2016-01,-5.7596,-5.77
F17,2016-02,-0.8492,-0.07
F17,2016-03,7.0437,6.96
F17,2016-04,1.7989,0.92
F17,2016-05,1.2074,1.78
F17,2016-06,0.0886,-0.05
F17,2016-07,1.5808,3.95
F17,2016-08,-2.8577,0.5
F17,2016-09,-0.7446,0.25
F17,2016-10,1.5817,-2.02
F17,2016-11,3.4361,4.86
F17,2016-12,4.0319,1.81
F18,2006-11,1.1156,1.71
F18,2006-12,0.5828,0.87
F18,2007-01,0.6299,1.4
F18,2007-02,-2.7882,-1.96
F18,2007-03,0.8752,0.68
F18,2007-04,1.774,3.49
F18,2007-05,2.524,3.24
F18,2007-06,0.6504,-1.96
F18,2007-07,-4.3383,-3.73
F18,2007-08,1.8972,0.92
F18,2007-09,2.8519,3.22
F18,2007-10,-0.3164,1.8
F18,2007-11,-3.8648,-4.83
F18,2007-12,-2.1253,-0.87
F18,2008-01,-6.2019,-6.36
F18,2008-02,-5.8685,-3.09
F18,2008-03,-0.6378,-0.93
F18,2008-04,3.8492,4.6
F18,2008-05,-1.3094,1.86
F18,2008-06,-7.2326,-8.44
F18,2008-07,-1.6259,-0.77
F18,2008-08,1.1671,1.53
F18,2008-09,-8.5657,-9.24
F18,2008-10,-15.4594,-17.23
F18,2008-11,-5.3878,-7.86
F18,2008-12,1.9738,1.74
F18,2009-01,-7.4303,-8.12
F18,2009-02,-12.4681,-10.1
F18,2009-03,7.4795,8.95
F18,2009-04,9.2594,10.19
F18,2009-05,4.436,5.21
F18,2009-06,-0.2251,0.43
F18,2009-07,9.265,7.72
F18,2009-08,4.2977,3.33
F18,2009-09,2.5258,4.08
F18,2009-10,-3.5638,-2.59
F18,2009-11,3.7957,5.56
F18,2009-12,2.2253,2.75
F18,2010-01,-2.9997,-3.36
F18,2010-02,6.0519,3.4
F18,2010-03,6.2943,6.31
F18,2010-04,1.3362,2.0
F18,2010-05,-8.2796,-7.89
F18,2010-06,-5.9872,-5.56
F18,2010-07,6.5585,6.93
F18,2010-08,-4.8757,-4.77
F18,2010-09,8.3597,9.54
F18,2010-10,3.2686,3.88
F18,2010-11,2.3135,0.6
F18,2010-12,4.8951,6.82
F18,2011-01,1.1525,1.99
F18,2011-02,1.8575,3.49
F18,2011-03,0.0452,0.45
F18,2011-04,3.6111,2.9
F18,2011-05,-1.3879,-1.27
F18,2011-06,-0.5436,-1.75
F18,2011-07,-0.7339,-2.36
F18,2011-08,-5.2,-5.99
F18,2011-09,-8.2658,-7.59
F18,2011-10,9.9675,11.35
F18,2011-11,-0.3969,-0.28
F18,2011-12,0.7796,0.74
F18,2012-01,5.4163,5.05
F18,2012-02,4.9556,4.42
F18,2012-03,3.6014,3.11
F18,2012-04,-1.4334,-0.85
F18,2012-05,-7.8646,-6.19
F18,2012-06,3.5401,3.89
F18,2012-07,0.2802,0.79
F18,2012-08,-0.7451,2.55
F18,2012-09,1.8506,2.73
F18,2012-10,-1.2197,-1.76
F18,2012-11,-0.089,0.78
F18,2012-12,0.5931,1.18
F18,2013-01,5.6508,5.57
F18,2013-02,0.8144,1.29
F18,2013-03,4.8904,4.03
F18,2013-04,1.8941,1.55
F18,2013-05,2.2544,2.8
F18,2013-06,-1.1575,-1.2
F18,2013-07,2.0323,5.65
F18,2013-08,-1.3053,-2.71
F18,2013-09,2.6731,3.77
F18,2013-10,4.2413,4.18
F18,2013-11,1.8242,3.12
F18,2013-12,2.0253,2.81
F18,2014-01,-5.4636,-3.32
F18,2014-02,4.0017,4.65
F18,2014-03,0.2917,0.43
F18,2014-04,1.4836,-0.19
F18,2014-05,1.6265,2.06
F18,2014-06,0.8699,2.61
F18,2014-07,-1.935,-2.04
F18,2014-08,2.5583,4.24
F18,2014-09,-1.9086,-1.97
F18,2014-10,2.4701,2.52
F18,2014-11,1.7442,2.55
F18,2014-12,-0.0234,-0.06
F18,2015-01,-1.6966,-3.11
F18,2015-02,5.1871,6.13
F18,2015-03,-1.4847,-1.12
F18,2015-04,-0.6789,0.59
F18,2015-05,0.5076,1.36
F18,2015-06,-1.7627,-1.53
F18,2015-07,0.4348,1.54
F18,2015-08,-5.174,-6.04
F18,2015-09,-4.1763,-3.08
F18,2015-10,7.8139,7.75
F18,2015-11,0.2629,0.56
F18,2015-12,-2.7037,-2.17
F18,2016-01,-5.3977,-5.77
F18,2016-02,-0.8241,-0.07
F18,2016-03,7.3616,6.96
F18,2016-04,1.7079,0.92
F18,2016-05,1.5593,1.78
F18,2016-06,-0.8787,-0.05
F18,2016-07,3.2276,3.95
F18,2016-08,0.3377,0.5
F18,2016-09,0.1422,0.25
F18,2016-10,-2.4933,-2.02
F18,2016-11,3.2878,4.86
F18,2016-12,3.2228,1.81
F19,2011-11,-1.799,-0.28
F19,2011-12,-1.1481,0.74
F19,2012-01,1.9139,5.05
F19,2012-02,3.6007,4.42
F19,2012-03,3.2512,3.11
F19,2012-04,-1.2693,-0.85
F19,2012-05,-4.5292,-6.19
F19,2012-06,3.5424,3.89
F19,2012-07,0.29,0.79
F19,2012-08,2.9984,2.55
F19,2012-09,1.7583,2.73
F19,2012-10,-1.7893,-1.76
F19,2012-11,1.5773,0.78
F19,2012-12,0.9671,1.18
F19,2013-01,5.9498,5.57
F19,2013-02,0.9191,1.29
F19,2013-03,4.343,4.03
F19,2013-04,1.7652,1.55
F19,2013-05,2.4035,2.8
F19,2013-06,-1.9449,-1.2
F19,2013-07,4.447,5.65
F19,2013-08,-1.7337,-2.71
F19,2013-09,3.1615,3.77
F19,2013-10,3.6659,4.18
F19,2013-11,0.8073,3.12
F19,2013-12,4.5815,2.81
F19,2014-01,-4.375,-3.32
F19,2014-02,2.9392,4.65
F19,2014-03,1.2162,0.43
F19,2014-04,-0.1,-0.19
F19,2014-05,1.9197,2.06
F19,2014-06,3.8937,2.61
F19,2014-07,-0.9837,-2.04
F19,2014-08,4.6477,4.24
F19,2014-09,-1.3866,-1.97
F19,2014-10,3.7096,2.52
F19,2014-11,1.1431,2.55
F19,2014-12,-2.3093,-0.06
F19,2015-01,-2.2947,-3.11
F19,2015-02,3.9067,6.13
F19,2015-03,-1.5532,-1.12
F19,2015-04,0.6474,0.59
F19,2015-05,0.02,1.36
F19,2015-06,-1.3623,-1.53
F19,2015-07,1.6813,1.54
F19,2015-08,-3.9246,-6.04
F19,2015-09,-2.367,-3.08
F19,2015-10,7.5176,7.75
F19,2015-11,0.4825,0.56
F19,2015-12,-2.5808,-2.17
F19,2016-01,-5.8781,-5.77
F19,2016-02,0.146,-0.07
F19,2016-03,5.743,6.96
F19,2016-04,0.3969,0.92
F19,2016-05,0.5692,1.78
F19,2016-06,1.2815,-0.05
F19,2016-07,5.7529,3.95
F19,2016-08,0.1451,0.5
F19,2016-09,1.0015,0.25
F19,2016-10,-2.9406,-2.02
F19,2016-11,4.7213,4.86
F19,2016-12,0.532,1.81
F20,2002-07,-8.5406,-8.18
F20,2002-08,-7.5382,0.5
F20,2002-09,-10.8914,-10.35
F20,2002-10,6.4563,7.84
F20,2002-11,8.1426,5.96
F20,2002-12,-7.6374,-5.76
F20,2003-01,-5.7843,-2.57
F20,2003-02,-1.3543,-1.88
F20,2003-03,1.8991,1.09
F20,2003-04,5.0544,8.22
F20,2003-05,4.5754,6.05
F20,2003-06,5.2289,1.42
F20,2003-07,1.9105,2.35
F20,2003-08,2.0034,2.34
F20,2003-09,1.6624,-1.24
F20,2003-10,7.2131,6.08
F20,2003-11,4.1148,1.35
F20,2003-12,4.6422,4.29
F20,2004-01,-1.9361,2.15
F20,2004-02,0.3758,1.4
F20,2004-03,-1.7182,-1.32
F20,2004-04,-0.6586,-1.83
F20,2004-05,2.0263,1.17
F20,2004-06,1.2995,1.86
F20,2004-07,2.2725,-4.06
F20,2004-08,3.3973,0.08
F20,2004-09,1.9328,1.6
F20,2004-10,-0.3664,1.43
F20,2004-11,8.2815,4.54
F20,2004-12,-1.4763,3.43
F20,2005-01,-1.6703,-2.76
F20,2005-02,0.2677,1.89
F20,2005-03,0.4092,-1.97
F20,2005-04,-1.5777,-2.61
F20,2005-05,3.8326,3.65
F20,2005-06,0.6517,0.57
F20,2005-07,-0.289,3.92
F20,2005-08,-1.7355,-1.22
F20,2005-09,0.633,0.49
F20,2005-10,-2.1784,-2.02
F20,2005-11,4.1568,3.61
F20,2005-12,-0.4838,-0.25
F20,2006-01,3.5805,3.04
F20,2006-02,3.1076,-0.3
F20,2006-03,-0.3678,1.46
F20,2006-04,2.8318,0.73
F20,2006-05,-6.7431,-3.57
F20,2006-06,-1.318,-0.35
F20,2006-07,-0.142,-0.78
F20,2006-08,3.7779,2.03
F20,2006-09,2.0707,1.84
F20,2006-10,4.8474,3.23
F20,2006-11,1.6054,1.71
F20,2006-12,-0.9027,0.87
F20,2007-01,1.566,1.4
F20,2007-02,-0.4792,-1.96
F20,2007-03,-1.2953,0.68
F20,2007-04,2.3253,3.49
F20,2007-05,0.3933,3.24
F20,2007-06,-6.4636,-1.96
F20,2007-07,-6.6862,-3.73
F20,2007-08,0.3153,0.92
F20,2007-09,2.8165,3.22
F20,2007-10,0.4506,1.8
F20,2007-11,-6.9832,-4.83
F20,2007-12,2.1325,-0.87
F20,2008-01,-3.9415,-6.36
F20,2008-02,0.3175,-3.09
F20,2008-03,0.9911,-0.93
F20,2008-04,8.3501,4.6
F20,2008-05,2.1434,1.86
F20,2008-06,-8.2334,-8.44
F20,2008-07,-2.2218,-0.77
F20,2008-08,1.2209,1.53
F20,2008-09,-8.0208,-9.24
F20,2008-10,-18.603,-17.23
F20,2008-11,-8.3328,-7.86
F20,2008-12,-1.2446,1.74
F20,2009-01,-11.0301,-8.12
F20,2009-02,-10.4543,-10.1
F20,2009-03,13.492,8.95
F20,2009-04,10.166,10.19
F20,2009-05,4.3919,5.21
F20,2009-06,0.6819,0.43
F20,2009-07,8.0932,7.72
F20,2009-08,3.6692,3.33
F20,2009-09,4.5174,4.08
F20,2009-10,-0.8932,-2.59
F20,2009-11,3.2371,5.56
F20,2009-12,2.6031,2.75
F20,2010-01,-5.9193,-3.36
F20,2010-02,2.7065,3.4
F20,2010-03,8.72,6.31
F20,2010-04,3.0435,2.0
F20,2010-05,-8.8319,-7.89
F20,2010-06,-5.1465,-5.56
F20,2010-07,8.7725,6.93
F20,2010-08,-4.707,-4.77
F20,2010-09,6.9119,9.54
F20,2010-10,5.1121,3.88
F20,2010-11,0.4578,0.6
F20,2010-12,6.002,6.82
F20,2011-01,6.8606,1.99
F20,2011-02,2.2441,3.49
F20,2011-03,3.0463,0.45
F20,2011-04,6.3066,2.9
F20,2011-05,-1.3993,-1.27
F20,2011-06,0.4717,-1.75
F20,2011-07,-4.9506,-2.36
F20,2011-08,-4.4777,-5.99
F20,2011-09,-13.0639,-7.59
F20,2011-10,11.7399,11.35
F20,2011-11,-1.4418,-0.28
F20,2011-12,1.7842,0.74
F20,2012-01,6.5312,5.05
F20,2012-02,4.8198,4.42
F20,2012-03,5.7909,3.11
F20,2012-04,-1.1803,-0.85
F20,2012-05,-6.9155,-6.19
F20,2012-06,0.7029,3.89
F20,2012-07,-3.5105,0.79
F20,2012-08,3.2311,2.55
F20,2012-09,2.5695,2.73
F20,2012-10,-5.3194,-1.76
F20,2012-11,2.2359,0.78
F20,2012-12,1.1275,1.18
F20,2013-01,4.4096,5.57
F20,2013-02,-1.1914,1.29
F20,2013-03,2.3309,4.03
F20,2013-04,-0.5005,1.55
F20,2013-05,4.8316,2.8
F20,2013-06,1.8215,-1.2
F20,2013-07,5.3919,5.65
F20,2013-08,-3.2246,-2.71
F20,2013-09,2.3667,3.77
F20,2013-10,3.8787,4.18
F20,2013-11,3.4281,3.12
F20,2013-12,5.8336,2.81
F20,2014-01,-2.3498,-3.32
F20,2014-02,4.1994,4.65
F20,2014-03,-1.4628,0.43
F20,2014-04,-2.8414,-0.19
F20,2014-05,5.308,2.06
F20,2014-06,0.8879,2.61
F20,2014-07,-1.1776,-2.04
F20,2014-08,1.1277,4.24
F20,2014-09,-5.8861,-1.97
F20,2014-10,1.8255,2.52
F20,2014-11,2.7627,2.55
F20,2014-12,0.3669,-0.06
F20,2015-01,-3.8045,-3.11
F20,2015-02,4.654,6.13
F20,2015-03,-3.0864,-1.12
F20,2015-04,-1.0315,0.59
F20,2015-05,3.3031,1.36
F20,2015-06,-3.6827,-1.53
F20,2015-07,2.4964,1.54
F20,2015-08,-6.2908,-6.04
F20,2015-09,-3.1114,-3.08
F20,2015-10,8.2739,7.75
F20,2015-11,2.8134,0.56
F20,2015-12,-3.1506,-2.17
F20,2016-01,-5.1669,-5.77
F20,2016-02,2.2187,-0.07
F20,2016-03,6.9457,6.96
F20,2016-04,3.9676,0.92
F20,2016-05,3.9543,1.78
F20,2016-06,-2.9924,-0.05
F20,2016-07,4.4384,3.95
F20,2016-08,0.8656,0.5
F20,2016-09,0.5589,0.25
F20,2016-10,-6.3891,-2.02
F20,2016-11,4.8389,4.86
F20,2016-12,5.565,1.81
F21,2011-11,-0.7224,-0.28
F21,2011-12,1.3836,0.74
F21,2012-01,6.4028,5.05
F21,2012-02,4.6372,4.42
F21,2012-03,2.1782,3.11
F21,2012-04,-0.8622,-0.85
F21,2012-05,-7.08,-6.19
F21,2012-06,3.514,3.89
F21,2012-07,1.8172,0.79
F21,2012-08,3.7485,2.55
F21,2012-09,1.7403,2.73
F21,2012-10,-1.4909,-1.76
F21,2012-11,0.6038,0.78
F21,2012-12,3.6961,1.18
F21,2013-01,5.8752,5.57
F21,2013-02,-1.8962,1.29
F21,2013-03,4.5506,4.03
F21,2013-04,1.2453,1.55
F21,2013-05,3.5201,2.8
F21,2013-06,-2.1216,-1.2
F21,2013-07,4.339,5.65
F21,2013-08,-2.9734,-2.71
F21,2013-09,3.0604,3.77
F21,2013-10,6.9791,4.18
F21,2013-11,2.9612,3.12
F21,2013-12,1.8955,2.81
F21,2014-01,-3.4365,-3.32
F21,2014-02,6.1839,4.65
F21,2014-03,0.4015,0.43
F21,2014-04,-1.0818,-0.19
F21,2014-05,3.3064,2.06
F21,2014-06,2.9162,2.61
F21,2014-07,-0.9343,-2.04
F21,2014-08,5.8966,4.24
F21,2014-09,-1.3675,-1.97
F21,2014-10,3.6125,2.52
F21,2014-11,1.7519,2.55
F21,2014-12,1.2282,-0.06
F21,2015-01,-2.5484,-3.11
F21,2015-02,5.2197,6.13
F21,2015-03,-2.6873,-1.12
F21,2015-04,-0.4156,0.59
F21,2015-05,-1.1309,1.36
F21,2015-06,-0.563,-1.53
F21,2015-07,3.0462,1.54
F21,2015-08,-5.8863,-6.04
F21,2015-09,-0.7402,-3.08
F21,2015-10,10.2334,7.75
F21,2015-11,2.2713,0.56
F21,2015-12,-1.2951,-2.17
F21,2016-01,-2.2484,-5.77
F21,2016-02,-0.3574,-0.07
F21,2016-03,10.2283,6.96
F21,2016-04,0.1037,0.92
F21,2016-05,2.4324,1.78
F21,2016-06,-0.6668,-0.05
F21,2016-07,6.7977,3.95
F21,2016-08,1.6205,0.5
F21,2016-09,0.2641,0.25
F21,2016-10,-1.6018,-2.02
F21,2016-11,5.8921,4.86
F21,2016-12,2.4272,1.81
F22,2012-03,2.5197,3.11
F22,2012-04,-0.311,-0.85
F22,2012-05,-6.6729,-6.19
F22,2012-06,5.0428,3.89
F22,2012-07,0.1627,0.79
F22,2012-08,1.7629,2.55
F22,2012-09,3.2516,2.73
F22,2012-10,0.3979,-1.76
F22,2012-11,1.7449,0.78
F22,2012-12,1.5695,1.18
F22,2013-01,7.3236,5.57
F22,2013-02,0.7196,1.29
F22,2013-03,3.6492,4.03
F22,2013-04,0.3527,1.55
F22,2013-05,3.231,2.8
F22,2013-06,-0.824,-1.2
F22,2013-07,7.0884,5.65
F22,2013-08,-0.9052,-2.71
F22,2013-09,3.4588,3.77
F22,2013-10,2.8295,4.18
F22,2013-11,5.6095,3.12
F22,2013-12,5.2081,2.81
F22,2014-01,-3.3817,-3.32
F22,2014-02,3.6793,4.65
F22,2014-03,0.6542,0.43
F22,2014-04,-0.182,-0.19
F22,2014-05,0.2223,2.06
F22,2014-06,3.2137,2.61
F22,2014-07,-1.3185,-2.04
F22,2014-08,4.4348,4.24
F22,2014-09,-0.7627,-1.97
F22,2014-10,2.511,2.52
F22,2014-11,1.5648,2.55
F22,2014-12,-3.0523,-0.06
F22,2015-01,-5.8078,-3.11
F22,2015-02,6.3808,6.13
F22,2015-03,-2.3048,-1.12
F22,2015-04,1.3632,0.59
F22,2015-05,0.9648,1.36
F22,2015-06,0.6879,-1.53
F22,2015-07,1.1456,1.54
F22,2015-08,-7.666,-6.04
F22,2015-09,-3.6149,-3.08
F22,2015-10,10.5754,7.75
F22,2015-11,0.2315,0.56
F22,2015-12,-1.0849,-2.17
F22,2016-01,-5.8856,-5.77
F22,2016-02,-1.812,-0.07
F22,2016-03,6.4187,6.96
F22,2016-04,-1.0265,0.92
F22,2016-05,1.8375,1.78
F22,2016-06,2.2747,-0.05
F22,2016-07,5.5276,3.95
F22,2016-08,1.4958,0.5
F22,2016-09,-1.568,0.25
F22,2016-10,-3.2455,-2.02
F22,2016-11,4.1974,4.86
F22,2016-12,3.3855,1.81
F23,2011-06,-3.2148,-1.75
F23,2011-07,3.4596,-2.36
F23,2011-08,-2.7625,-5.99
F23,2011-09,-6.2926,-7.59
F23,2011-10,8.9225,11.35
F23,2011-11,-2.6074,-0.28
F23,2011-12,-2.6528,0.74
F23,2012-01,4.964,5.05
F23,2012-02,0.082,4.42
F23,2012-03,4.8334,3.11
F23,2012-04,-2.5878,-0.85
F23,2012-05,-6.6693,-6.19
F23,2012-06,2.3495,3.89
F23,2012-07,1.7188,0.79
F23,2012-08,6.0542,2.55
F23,2012-09,-1.2876,2.73
F23,2012-10,-1.6653,-1.76
F23,2012-11,-1.6593,0.78
F23,2012-12,0.6275,1.18
F23,2013-01,12.2302,5.57
F23,2013-02,0.5122,1.29
F23,2013-03,4.555,4.03
F23,2013-04,-1.5041,1.55
F23,2013-05,-2.6838,2.8
F23,2013-06,-0.8808,-1.2
F23,2013-07,3.1395,5.65
F23,2013-08,-1.4362,-2.71
F23,2013-09,-0.098,3.77
F23,2013-10,6.3276,4.18
F23,2013-11,4.2272,3.12
F23,2013-12,0.7112,2.81
F23,2014-01,-2.3601,-3.32
F23,2014-02,1.8969,4.65
F23,2014-03,0.087,0.43
F23,2014-04,-0.8952,-0.19
F23,2014-05,6.3647,2.06
F23,2014-06,1.9734,2.61
F23,2014-07,-0.5638,-2.04
F23,2014-08,4.1947,4.24
F23,2014-09,-3.6474,-1.97
F23,2014-10,0.3775,2.52
F23,2014-11,1.3299,2.55
F23,2014-12,-6.1706,-0.06
F23,2015-01,1.072,-3.11
F23,2015-02,4.3886,6.13
F23,2015-03,1.5309,-1.12
F23,2015-04,-0.5849,0.59
F23,2015-05,-1.6727,1.36
F23,2015-06,0.5622,-1.53
F23,2015-07,-2.6109,1.54
F23,2015-08,-4.5454,-6.04
F23,2015-09,-7.9941,-3.08
F23,2015-10,6.3049,7.75
F23,2015-11,-2.8953,0.56
F23,2015-12,-3.7357,-2.17
F23,2016-01,-7.9267,-5.77
F23,2016-02,-0.6377,-0.07
F23,2016-03,5.0049,6.96
F23,2016-04,0.6125,0.92
F23,2016-05,0.3711,1.78
F23,2016-06,-0.1899,-0.05
F23,2016-07,0.6409,3.95
F23,2016-08,2.1646,0.5
F23,2016-09,-1.3206,0.25
F23,2016-10,-1.0404,-2.02
F23,2016-11,5.1193,4.86
F23,2016-12,3.8704,1.81
F24,2004-10,1.4162,1.43
F24,2004-11,5.9292,4.54
F24,2004-12,4.3131,3.43
F24,2005-01,-1.9537,-2.76
F24,2005-02,3.793,1.89
F24,2005-03,-1.9567,-1.97
F24,2005-04,-4.5517,-2.61
F24,2005-05,1.9869,3.65
F24,2005-06,-0.2651,0.57
F24,2005-07,3.8842,3.92
F24,2005-08,-1.0172,-1.22
F24,2005-09,1.2027,0.49
F24,2005-10,-2.9191,-2.02
F24,2005-11,3.3742,3.61
F24,2005-12,0.0223,-0.25
F24,2006-01,4.9625,3.04
F24,2006-02,-0.4547,-0.3
F24,2006-03,2.95,1.46
F24,2006-04,1.194,0.73
F24,2006-05,-4.9438,-3.57
F24,2006-06,0.2159,-0.35
F24,2006-07,-0.6323,-0.78
F24,2006-08,3.9418,2.03
F24,2006-09,2.2893,1.84
F24,2006-10,6.721,3.23
F24,2006-11,2.3947,1.71
F24,2006-12,2.9762,0.87
F24,2007-01,-0.593,1.4
F24,2007-02,-0.0735,-1.96
F24,2007-03,-0.0674,0.68
F24,2007-04,4.5439,3.49
F24,2007-05,1.9682,3.24
F24,2007-06,-2.0619,-1.96
F24,2007-07,-7.2702,-3.73
F24,2007-08,1.3331,0.92
F24,2007-09,4.1272,3.22
F24,2007-10,1.2511,1.8
F24,2007-11,-4.9142,-4.83
F24,2007-12,-1.5434,-0.87
F24,2008-01,-7.0695,-6.36
F24,2008-02,-3.2565,-3.09
F24,2008-03,0.3279,-0.93
F24,2008-04,3.6747,4.6
F24,2008-05,3.3725,1.86
F24,2008-06,-9.9734,-8.44
F24,2008-07,-0.1034,-0.77
F24,2008-08,-1.0379,1.53
F24,2008-09,-12.0773,-9.24
F24,2008-10,-20.5214,-17.23
F24,2008-11,-13.4867,-7.86
F24,2008-12,3.1318,1.74
F24,2009-01,-10.1392,-8.12
F24,2009-02,-4.6995,-10.1
F24,2009-03,10.014,8.95
F24,2009-04,10.6692,10.19
F24,2009-05,4.3943,5.21
F24,2009-06,-0.0199,0.43
F24,2009-07,9.0123,7.72
F24,2009-08,2.9772,3.33
F24,2009-09,5.389,4.08
F24,2009-10,-4.2611,-2.59
F24,2009-11,7.3094,5.56
F24,2009-12,2.7324,2.75
F24,2010-01,-4.124,-3.36
F24,2010-02,2.9979,3.4
F24,2010-03,7.755,6.31
F24,2010-04,4.0252,2.0
F24,2010-05,-11.2438,-7.89
F24,2010-06,-6.097,-5.56
F24,2010-07,8.3572,6.93
F24,2010-08,-3.1956,-4.77
F24,2010-09,11.6585,9.54
F24,2010-10,3.2273,3.88
F24,2010-11,-0.5856,0.6
F24,2010-12,8.9868,6.82
F24,2011-01,0.7958,1.99
F24,2011-02,3.1248,3.49
F24,2011-03,0.304,0.45
F24,2011-04,4.7239,2.9
F24,2011-05,-5.7676,-1.27
F24,2011-06,-1.434,-1.75
F24,2011-07,-0.946,-2.36
F24,2011-08,-6.7299,-5.99
F24,2011-09,-8.5896,-7.59
F24,2011-10,10.8987,11.35
F24,2011-11,-1.1075,-0.28
F24,2011-12,0.6281,0.74
F24,2012-01,2.3208,5.05
F24,2012-02,4.9824,4.42
F24,2012-03,5.4985,3.11
F24,2012-04,-1.1999,-0.85
F24,2012-05,-5.9874,-6.19
F24,2012-06,3.2454,3.89
F24,2012-07,0.9022,0.79
F24,2012-08,0.7032,2.55
F24,2012-09,2.9065,2.73
F24,2012-10,-2.343,-1.76
F24,2012-11,-0.8236,0.78
F24,2012-12,-0.6367,1.18
F24,2013-01,5.0535,5.57
F24,2013-02,-0.0196,1.29
F24,2013-03,6.1706,4.03
F24,2013-04,-0.2383,1.55
F24,2013-05,1.566,2.8
F24,2013-06,-1.954,-1.2
F24,2013-07,5.2348,5.65
F24,2013-08,-3.287,-2.71
F24,2013-09,5.9515,3.77
F24,2013-10,2.3999,4.18
F24,2013-11,3.7461,3.12
F24,2013-12,4.0326,2.81
F24,2014-01,-4.1357,-3.32
F24,2014-02,5.1954,4.65
F24,2014-03,0.6267,0.43
F24,2014-04,-0.0436,-0.19
F24,2014-05,2.4241,2.06
F24,2014-06,4.9928,2.61
F24,2014-07,-1.4748,-2.04
F24,2014-08,5.2545,4.24
F24,2014-09,-2.1591,-1.97
F24,2014-10,2.3978,2.52
F24,2014-11,3.6832,2.55
F24,2014-12,0.6743,-0.06
F24,2015-01,-4.4377,-3.11
F24,2015-02,7.7475,6.13
F24,2015-03,-1.5496,-1.12
F24,2015-04,-2.1051,0.59
F24,2015-05,-1.3602,1.36
F24,2015-06,-2.572,-1.53
F24,2015-07,2.018,1.54
F24,2015-08,-6.408,-6.04
F24,2015-09,-2.5296,-3.08
F24,2015-10,7.6449,7.75
F24,2015-11,-1.8536,0.56
F24,2015-12,-1.363,-2.17
F24,2016-01,-6.9768,-5.77
F24,2016-02,-0.1048,-0.07
F24,2016-03,8.5168,6.96
F24,2016-04,1.0496,0.92
F24,2016-05,1.663,1.78
F24,2016-06,-2.2697,-0.05
F24,2016-07,4.2193,3.95
F24,2016-08,1.2656,0.5
F24,2016-09,0.8261,0.25
F24,2016-10,-3.1837,-2.02
F24,2016-11,5.2343,4.86
F24,2016-12,4.0156,1.81
F25,2012-11,1.8107,0.78
F25,2012-12,0.097,1.18
F25,2013-01,4.9004,5.57
F25,2013-02,1.9976,1.29
F25,2013-03,6.7355,4.03
F25,2013-04,2.7804,1.55
F25,2013-05,4.7273,2.8
F25,2013-06,0.4915,-1.2
F25,2013-07,8.6228,5.65
F25,2013-08,-2.1317,-2.71
F25,2013-09,3.8017,3.77
F25,2013-10,3.9382,4.18
F25,2013-11,4.7676,3.12
F25,2013-12,2.3555,2.81
F25,2014-01,-4.2442,-3.32
F25,2014-02,1.4767,4.65
F25,2014-03,0.1772,0.43
F25,2014-04,-1.588,-0.19
F25,2014-05,0.9709,2.06
F25,2014-06,1.6486,2.61
F25,2014-07,-3.2019,-2.04
F25,2014-08,3.8662,4.24
F25,2014-09,-5.3224,-1.97
F25,2014-10,3.6993,2.52
F25,2014-11,3.8171,2.55
F25,2014-12,1.0131,-0.06
F25,2015-01,-1.3545,-3.11
F25,2015-02,7.4355,6.13
F25,2015-03,-1.8487,-1.12
F25,2015-04,1.1753,0.59
F25,2015-05,4.9589,1.36
F25,2015-06,0.7593,-1.53
F25,2015-07,1.198,1.54
F25,2015-08,-9.3842,-6.04
F25,2015-09,-3.4854,-3.08
F25,2015-10,9.2765,7.75
F25,2015-11,-1.6333,0.56
F25,2015-12,-2.2043,-2.17
F25,2016-01,-5.8295,-5.77
F25,2016-02,-3.2905,-0.07
F25,2016-03,8.9307,6.96
F25,2016-04,0.8603,0.92
F25,2016-05,3.8494,1.78
F25,2016-06,0.4901,-0.05
F25,2016-07,11.5536,3.95
F25,2016-08,1.5504,0.5
F25,2016-09,2.0349,0.25
F25,2016-10,-1.6111,-2.02
F25,2016-11,3.9355,4.86
F25,2016-12,2.7572,1.81
F26,2012-01,6.1186,5.05
F26,2012-02,1.9219,4.42
F26,2012-03,1.3636,3.11
F26,2012-04,-0.6729,-0.85
F26,2012-05,-5.3002,-6.19
F26,2012-06,1.5634,3.89
F26,2012-07,0.3767,0.79
F26,2012-08,1.1322,2.55
F26,2012-09,2.0996,2.73
F26,2012-10,-0.6397,-1.76
F26,2012-11,0.2058,0.78
F26,2012-12,-1.9595,1.18
F26,2013-01,4.69,5.57
F26,2013-02,1.4121,1.29
F26,2013-03,2.4843,4.03
F26,2013-04,1.4226,1.55
F26,2013-05,0.9764,2.8
F26,2013-06,-0.8986,-1.2
F26,2013-07,5.0234,5.65
F26,2013-08,-1.654,-2.71
F26,2013-09,0.9381,3.77
F26,2013-10,0.7529,4.18
F26,2013-11,1.7921,3.12
F26,2013-12,1.6307,2.81
F26,2014-01,-2.6088,-3.32
F26,2014-02,3.0768,4.65
F26,2014-03,3.9947,0.43
F26,2014-04,-0.191,-0.19
F26,2014-05,1.039,2.06
F26,2014-06,-0.0915,2.61
F26,2014-07,-0.7817,-2.04
F26,2014-08,1.8704,4.24
F26,2014-09,-1.4092,-1.97
F26,2014-10,1.4367,2.52
F26,2014-11,1.9911,2.55
F26,2014-12,-0.8904,-0.06
F26,2015-01,-0.8425,-3.11
F26,2015-02,2.104,6.13
F26,2015-03,-0.6575,-1.12
F26,2015-04,-0.2798,0.59
F26,2015-05,-0.0215,1.36
F26,2015-06,-0.479,-1.53
F26,2015-07,0.1568,1.54
F26,2015-08,-3.2552,-6.04
F26,2015-09,-1.9116,-3.08
F26,2015-10,3.6312,7.75
F26,2015-11,0.629,0.56
F26,2015-12,-1.6714,-2.17
F26,2016-01,-4.8121,-5.77
F26,2016-02,1.7444,-0.07
F26,2016-03,4.4441,6.96
F26,2016-04,-0.3182,0.92
F26,2016-05,2.6788,1.78
F26,2016-06,0.4554,-0.05
F26,2016-07,1.9081,3.95
F26,2016-08,0.3748,0.5
F26,2016-09,0.2683,0.25
F26,2016-10,-0.4162,-2.02
F26,2016-11,2.889,4.86
F26,2016-12,0.9561,1.81
F27,2009-02,-11.0833,-10.1
F27,2009-03,9.6883,8.95
F27,2009-04,9.2638,10.19
F27,2009-05,7.5229,5.21
F27,2009-06,0.3372,0.43
F27,2009-07,7.2652,7.72
F27,2009-08,3.659,3.33
F27,2009-09,1.4913,4.08
F27,2009-10,-2.6945,-2.59
F27,2009-11,6.9391,5.56
F27,2009-12,3.462,2.75
F27,2010-01,-2.6204,-3.36
F27,2010-02,2.4629,3.4
F27,2010-03,4.6234,6.31
F27,2010-04,-1.754,2.0
F27,2010-05,-8.5206,-7.89
F27,2010-06,-6.9286,-5.56
F27,2010-07,8.2176,6.93
F27,2010-08,-4.8832,-4.77
F27,2010-09,9.9126,9.54
F27,2010-10,2.1654,3.88
F27,2010-11,4.4137,0.6
F27,2010-12,7.5907,6.82
F27,2011-01,2.3405,1.99
F27,2011-02,5.6689,3.49
F27,2011-03,0.0309,0.45
F27,2011-04,1.559,2.9
F27,2011-05,-1.9232,-1.27
F27,2011-06,-1.7079,-1.75
F27,2011-07,-3.0815,-2.36
F27,2011-08,-6.205,-5.99
F27,2011-09,-6.4652,-7.59
F27,2011-10,11.6304,11.35
F27,2011-11,-1.32,-0.28
F27,2011-12,0.2668,0.74
F27,2012-01,2.432,5.05
F27,2012-02,3.8286,4.42
F27,2012-03,3.4358,3.11
F27,2012-04,1.0913,-0.85
F27,2012-05,-7.9742,-6.19
F27,2012-06,3.4388,3.89
F27,2012-07,-1.37,0.79
F27,2012-08,1.6053,2.55
F27,2012-09,0.6567,2.73
F27,2012-10,-3.1857,-1.76
F27,2012-11,-1.5453,0.78
F27,2012-12,1.6023,1.18
F27,2013-01,5.2256,5.57
F27,2013-02,-1.2651,1.29
F27,2013-03,0.4737,4.03
F27,2013-04,1.2931,1.55
F27,2013-05,2.0475,2.8
F27,2013-06,-3.1309,-1.2
F27,2013-07,6.8924,5.65
F27,2013-08,-1.4284,-2.71
F27,2013-09,3.2173,3.77
F27,2013-10,4.3133,4.18
F27,2013-11,3.3122,3.12
F27,2013-12,1.8525,2.81
F27,2014-01,-6.8355,-3.32
F27,2014-02,2.9286,4.65
F27,2014-03,0.5675,0.43
F27,2014-04,-2.8172,-0.19
F27,2014-05,3.3806,2.06
F27,2014-06,2.5577,2.61
F27,2014-07,-2.879,-2.04
F27,2014-08,6.3169,4.24
F27,2014-09,-1.7416,-1.97
F27,2014-10,2.7653,2.52
F27,2014-11,3.1594,2.55
F27,2014-12,2.6787,-0.06
F27,2015-01,-3.8296,-3.11
F27,2015-02,5.3897,6.13
F27,2015-03,-2.4015,-1.12
F27,2015-04,5.7845,0.59
F27,2015-05,-2.4214,1.36
F27,2015-06,-2.8662,-1.53
F27,2015-07,2.733,1.54
F27,2015-08,-9.2082,-6.04
F27,2015-09,0.9029,-3.08
F27,2015-10,6.2914,7.75
F27,2015-11,-1.2806,0.56
F27,2015-12,-4.1251,-2.17
F27,2016-01,-7.0949,-5.77
F27,2016-02,-0.9856,-0.07
F27,2016-03,4.3852,6.96
F27,2016-04,2.376,0.92
F27,2016-05,1.5356,1.78
F27,2016-06,-0.4397,-0.05
F27,2016-07,5.1605,3.95
F27,2016-08,2.6134,0.5
F27,2016-09,0.0573,0.25
F27,2016-10,-1.4968,-2.02
F27,2016-11,3.5532,4.86
F27,2016-12,3.7101,1.81
F28,2008-10,-17.7807,-17.23
F28,2008-11,-7.2155,-7.86
F28,2008-12,1.2065,1.74
F28,2009-01,-8.2804,-8.12
F28,2009-02,-11.2766,-10.1
F28,2009-03,9.3802,8.95
F28,2009-04,9.1493,10.19
F28,2009-05,4.4868,5.21
F28,2009-06,2.4055,0.43
F28,2009-07,7.5679,7.72
F28,2009-08,2.8783,3.33
F28,2009-09,3.5718,4.08
F28,2009-10,-0.2549,-2.59
F28,2009-11,7.1029,5.56
F28,2009-12,3.2114,2.75
F28,2010-01,-3.5733,-3.36
F28,2010-02,2.4209,3.4
F28,2010-03,6.9385,6.31
F28,2010-04,3.8695,2.0
F28,2010-05,-8.248,-7.89
F28,2010-06,-4.8996,-5.56
F28,2010-07,6.0209,6.93
F28,2010-08,-3.417,-4.77
F28,2010-09,9.5953,9.54
F28,2010-10,4.1666,3.88
F28,2010-11,1.3926,0.6
F28,2010-12,5.7629,6.82
F28,2011-01,0.9216,1.99
F28,2011-02,3.3748,3.49
F28,2011-03,1.3587,0.45
F28,2011-04,1.7267,2.9
F28,2011-05,-2.8614,-1.27
F28,2011-06,-3.1863,-1.75
F28,2011-07,-2.9807,-2.36
F28,2011-08,-6.642,-5.99
F28,2011-09,-6.7569,-7.59
F28,2011-10,10.2421,11.35
F28,2011-11,0.7192,-0.28
F28,2011-12,1.498,0.74
F28,2012-01,3.8289,5.05
F28,2012-02,3.5151,4.42
F28,2012-03,3.2752,3.11
F28,2012-04,0.3088,-0.85
F28,2012-05,-3.0874,-6.19
F28,2012-06,1.9229,3.89
F28,2012-07,-0.4692,0.79
F28,2012-08,2.8093,2.55
F28,2012-09,4.0526,2.73
F28,2012-10,-2.6537,-1.76
F28,2012-11,-1.7045,0.78
F28,2012-12,2.7616,1.18
F28,2013-01,5.1399,5.57
F28,2013-02,3.0616,1.29
F28,2013-03,4.9102,4.03
F28,2013-04,0.7779,1.55
F28,2013-05,2.3573,2.8
F28,2013-06,-0.0625,-1.2
F28,2013-07,5.5133,5.65
F28,2013-08,-2.3819,-2.71
F28,2013-09,2.1758,3.77
F28,2013-10,2.555,4.18
F28,2013-11,2.038,3.12
F28,2013-12,0.6213,2.81
F28,2014-01,-3.6188,-3.32
F28,2014-02,4.2937,4.65
F28,2014-03,1.1073,0.43
F28,2014-04,1.312,-0.19
F28,2014-05,1.1304,2.06
F28,2014-06,6.2484,2.61
F28,2014-07,-3.138,-2.04
F28,2014-08,6.2463,4.24
F28,2014-09,-2.8079,-1.97
F28,2014-10,1.1153,2.52
F28,2014-11,2.6881,2.55
F28,2014-12,1.6736,-0.06
F28,2015-01,-2.6168,-3.11
F28,2015-02,5.8414,6.13
F28,2015-03,-1.3534,-1.12
F28,2015-04,-2.5415,0.59
F28,2015-05,2.1253,1.36
F28,2015-06,-0.7559,-1.53
F28,2015-07,1.7599,1.54
F28,2015-08,-5.768,-6.04
F28,2015-09,-0.6365,-3.08
F28,2015-10,6.3109,7.75
F28,2015-11,0.4583,0.56
F28,2015-12,-2.9604,-2.17
F28,2016-01,-5.2684,-5.77
F28,2016-02,-0.1801,-0.07
F28,2016-03,7.5949,6.96
F28,2016-04,1.2375,0.92
F28,2016-05,2.563,1.78
F28,2016-06,-0.6078,-0.05
F28,2016-07,2.5522,3.95
F28,2016-08,0.697,0.5
F28,2016-09,1.0665,0.25
F28,2016-10,-0.7584,-2.02
F28,2016-11,6.5705,4.86
F28,2016-12,1.0956,1.81
F29,2004-07,-3.5395,-4.06
F29,2004-08,1.2294,0.08
F29,2004-09,2.9741,1.6
F29,2004-10,4.251,1.43
F29,2004-11,2.3824,4.54
F29,2004-12,-1.1299,3.43
F29,2005-01,-2.6357,-2.76
F29,2005-02,0.6454,1.89
F29,2005-03,0.8031,-1.97
F29,2005-04,-3.7782,-2.61
F29,2005-05,5.4797,3.65
F29,2005-06,1.3243,0.57
F29,2005-07,3.08,3.92
F29,2005-08,-2.7904,-1.22
F29,2005-09,-0.1075,0.49
F29,2005-10,-2.2632,-2.02
F29,2005-11,-0.596,3.61
F29,2005-12,0.8888,-0.25
F29,2006-01,3.9022,3.04
F29,2006-02,1.5206,-0.3
F29,2006-03,-1.4034,1.46
F29,2006-04,-0.0351,0.73
F29,2006-05,-2.8507,-3.57
F29,2006-06,-0.854,-0.35
F29,2006-07,-1.4846,-0.78
F29,2006-08,2.5074,2.03
F29,2006-09,-0.2741,1.84
F29,2006-10,1.2543,3.23
F29,2006-11,2.5147,1.71
F29,2006-12,1.4375,0.87
F29,2007-01,-1.9424,1.4
F29,2007-02,-0.0941,-1.96
F29,2007-03,0.9986,0.68
F29,2007-04,1.3386,3.49
F29,2007-05,3.0949,3.24
F29,2007-06,-1.0917,-1.96
F29,2007-07,-1.5883,-3.73
F29,2007-08,0.7325,0.92
F29,2007-09,0.2978,3.22
F29,2007-10,0.0873,1.8
F29,2007-11,-3.2663,-4.83
F29,2007-12,-2.1119,-0.87
F29,2008-01,-2.6911,-6.36
F29,2008-02,-4.8026,-3.09
F29,2008-03,2.4947,-0.93
F29,2008-04,5.5402,4.6
F29,2008-05,0.7846,1.86
F29,2008-06,-5.0507,-8.44
F29,2008-07,-1.0135,-0.77
F29,2008-08,1.2064,1.53
F29,2008-09,-7.805,-9.24
F29,2008-10,-11.846,-17.23
F29,2008-11,-6.2723,-7.86
F29,2008-12,3.6368,1.74
F29,2009-01,-5.9363,-8.12
F29,2009-02,-6.9311,-10.1
F29,2009-03,9.6639,8.95
F29,2009-04,6.6515,10.19
F29,2009-05,3.5839,5.21
F29,2009-06,-1.6791,0.43
F29,2009-07,6.1004,7.72
F29,2009-08,4.3663,3.33
F29,2009-09,4.4137,4.08
F29,2009-10,-2.7504,-2.59
F29,2009-11,1.7826,5.56
F29,2009-12,5.2207,2.75
F29,2010-01,0.5673,-3.36
F29,2010-02,-0.1404,3.4
F29,2010-03,5.7628,6.31
F29,2010-04,1.1007,2.0
F29,2010-05,-7.0309,-7.89
F29,2010-06,-2.9638,-5.56
F29,2010-07,4.5157,6.93
F29,2010-08,-3.9885,-4.77
F29,2010-09,6.8706,9.54
F29,2010-10,4.4049,3.88
F29,2010-11,0.8578,0.6
F29,2010-12,4.4316,6.82
F29,2011-01,3.5574,1.99
F29,2011-02,0.7855,3.49
F29,2011-03,0.2457,0.45
F29,2011-04,2.3215,2.9
F29,2011-05,4.1392,-1.27
F29,2011-06,2.4207,-1.75
F29,2011-07,-4.8801,-2.36
F29,2011-08,-4.1013,-5.99
F29,2011-09,-6.0295,-7.59
F29,2011-10,5.131,11.35
F29,2011-11,-1.2655,-0.28
F29,2011-12,2.0149,0.74
F29,2012-01,5.4712,5.05
F29,2012-02,2.671,4.42
F29,2012-03,1.8989,3.11
F29,2012-04,-1.9525,-0.85
F29,2012-05,-4.8938,-6.19
F29,2012-06,1.5835,3.89
F29,2012-07,-0.1719,0.79
F29,2012-08,0.4647,2.55
F29,2012-09,3.0961,2.73
F29,2012-10,-1.6347,-1.76
F29,2012-11,0.7729,0.78
F29,2012-12,0.8528,1.18
F29,2013-01,4.839,5.57
F29,2013-02,2.2081,1.29
F29,2013-03,2.1899,4.03
F29,2013-04,2.5295,1.55
F29,2013-05,2.122,2.8
F29,2013-06,0.5792,-1.2
F29,2013-07,0.6866,5.65
F29,2013-08,-3.1654,-2.71
F29,2013-09,2.2913,3.77
F29,2013-10,4.4878,4.18
F29,2013-11,0.7558,3.12
F29,2013-12,3.2335,2.81
F29,2014-01,-3.2838,-3.32
F29,2014-02,4.857,4.65
F29,2014-03,1.5993,0.43
F29,2014-04,-1.3066,-0.19
F29,2014-05,-0.8247,2.06
F29,2014-06,-1.2222,2.61
F29,2014-07,-2.5228,-2.04
F29,2014-08,8.0785,4.24
F29,2014-09,-2.1529,-1.97
F29,2014-10,2.0812,2.52
F29,2014-11,1.5521,2.55
F29,2014-12,-0.9058,-0.06
F29,2015-01,-0.7843,-3.11
F29,2015-02,4.2145,6.13
F29,2015-03,0.4652,-1.12
F29,2015-04,0.2529,0.59
F29,2015-05,1.9743,1.36
F29,2015-06,-0.7071,-1.53
F29,2015-07,4.0191,1.54
F29,2015-08,-4.9861,-6.04
F29,2015-09,-2.6168,-3.08
F29,2015-10,3.4665,7.75
F29,2015-11,1.3249,0.56
F29,2015-12,-0.5543,-2.17
F29,2016-01,-3.6157,-5.77
F29,2016-02,2.2987,-0.07
F29,2016-03,6.3409,6.96
F29,2016-04,3.4365,0.92
F29,2016-05,2.061,1.78
F29,2016-06,7.3829,-0.05
F29,2016-07,3.6189,3.95
F29,2016-08,-0.2217,0.5
F29,2016-09,-0.4645,0.25
F29,2016-10,-1.0528,-2.02
F29,2016-11,7.856,4.86
F29,2016-12,1.865,1.81
F30,2002-09,-12.379,-10.35
F30,2002-10,8.3353,7.84
F30,2002-11,9.9549,5.96
F30,2002-12,-6.552,-5.76
F30,2003-01,-1.6465,-2.57
F30,2003-02,-0.2582,-1.88
F30,2003-03,1.8864,1.09
F30,2003-04,11.1095,8.22
F30,2003-05,7.3989,6.05
F30,2003-06,-1.3798,1.42
F30,2003-07,0.0866,2.35
F30,2003-08,2.5967,2.34
F30,2003-09,0.6736,-1.24
F30,2003-10,5.1086,6.08
F30,2003-11,2.5268,1.35
F30,2003-12,3.8609,4.29
F30,2004-01,1.3171,2.15
F30,2004-02,2.2797,1.4
F30,2004-03,-5.2045,-1.32
F30,2004-04,1.2599,-1.83
F30,2004-05,0.2762,1.17
F30,2004-06,2.5461,1.86
F30,2004-07,-2.5342,-4.06
F30,2004-08,0.583,0.08
F30,2004-09,1.7571,1.6
F30,2004-10,-0.5795,1.43
F30,2004-11,5.0178,4.54
F30,2004-12,3.4086,3.43
F30,2005-01,-2.0212,-2.76
F30,2005-02,3.4746,1.89
F30,2005-03,-1.4302,-1.97
F30,2005-04,-2.4638,-2.61
F30,2005-05,4.2495,3.65
F30,2005-06,-3.9633,0.57
F30,2005-07,2.8967,3.92
F30,2005-08,0.0562,-1.22
F30,2005-09,2.0884,0.49
F30,2005-10,-3.0617,-2.02
F30,2005-11,3.4175,3.61
F30,2005-12,-1.223,-0.25
F30,2006-01,2.1822,3.04
F30,2006-02,-0.2286,-0.3
F30,2006-03,2.1711,1.46
F30,2006-04,-0.805,0.73
F30,2006-05,-5.5619,-3.57
F30,2006-06,-3.7095,-0.35
F30,2006-07,-1.3483,-0.78
F30,2006-08,2.4612,2.03
F30,2006-09,0.9595,1.84
F30,2006-10,2.4945,3.23
F30,2006-11,2.0676,1.71
F30,2006-12,4.1273,0.87
F30,2007-01,0.728,1.4
F30,2007-02,-3.2741,-1.96
F30,2007-03,-0.8155,0.68
F30,2007-04,5.3104,3.49
F30,2007-05,2.8817,3.24
F30,2007-06,-2.647,-1.96
F30,2007-07,-5.9574,-3.73
F30,2007-08,0.1577,0.92
F30,2007-09,5.4488,3.22
F30,2007-10,3.0864,1.8
F30,2007-11,-3.6222,-4.83
F30,2007-12,0.0259,-0.87
F30,2008-01,-8.8997,-6.36
F30,2008-02,-3.392,-3.09
F30,2008-03,-1.8698,-0.93
F30,2008-04,0.7866,4.6
F30,2008-05,1.2234,1.86
F30,2008-06,-9.2756,-8.44
F30,2008-07,-0.0399,-0.77
F30,2008-08,3.948,1.53
F30,2008-09,-8.5031,-9.24
F30,2008-10,-17.8092,-17.23
F30,2008-11,-9.2405,-7.86
F30,2008-12,2.1177,1.74
F30,2009-01,-9.9434,-8.12
F30,2009-02,-10.5931,-10.1
F30,2009-03,11.7046,8.95
F30,2009-04,10.1559,10.19
F30,2009-05,5.8056,5.21
F30,2009-06,-1.1689,0.43
F30,2009-07,7.487,7.72
F30,2009-08,3.207,3.33
F30,2009-09,-1.8869,4.08
F30,2009-10,-3.9697,-2.59
F30,2009-11,5.7608,5.56
F30,2009-12,6.8947,2.75
F30,2010-01,-4.337,-3.36
F30,2010-02,3.8655,3.4
F30,2010-03,6.2193,6.31
F30,2010-04,2.951,2.0
F30,2010-05,-10.3711,-7.89
F30,2010-06,-6.8653,-5.56
F30,2010-07,8.9008,6.93
F30,2010-08,-7.0836,-4.77
F30,2010-09,8.037,9.54
F30,2010-10,5.1467,3.88
F30,2010-11,-0.7357,0.6
F30,2010-12,7.729,6.82
F30,2011-01,0.7911,1.99
F30,2011-02,5.5175,3.49
F30,2011-03,2.5127,0.45
F30,2011-04,1.6776,2.9
F30,2011-05,-2.1576,-1.27
F30,2011-06,-3.5915,-1.75
F30,2011-07,-2.8954,-2.36
F30,2011-08,-6.7823,-5.99
F30,2011-09,-4.44,-7.59
F30,2011-10,11.403,11.35
F30,2011-11,-1.3176,-0.28
F30,2011-12,1.0372,0.74
F30,2012-01,3.8972,5.05
F30,2012-02,3.6848,4.42
F30,2012-03,4.6992,3.11
F30,2012-04,-2.3553,-0.85
F30,2012-05,-6.8537,-6.19
F30,2012-06,3.9042,3.89
F30,2012-07,1.5458,0.79
F30,2012-08,2.9535,2.55
F30,2012-09,2.1401,2.73
F30,2012-10,-0.8203,-1.76
F30,2012-11,1.815,0.78
F30,2012-12,0.6676,1.18
F30,2013-01,4.7442,5.57
F30,2013-02,1.5031,1.29
F30,2013-03,3.2053,4.03
F30,2013-04,0.849,1.55
F30,2013-05,-1.7224,2.8
F30,2013-06,-1.4961,-1.2
F30,2013-07,6.5192,5.65
F30,2013-08,-4.3391,-2.71
F30,2013-09,4.7739,3.77
F30,2013-10,6.1738,4.18
F30,2013-11,4.3991,3.12
F30,2013-12,4.7757,2.81
F30,2014-01,-4.2455,-3.32
F30,2014-02,2.6791,4.65
F30,2014-03,1.7412,0.43
F30,2014-04,2.393,-0.19
F30,2014-05,-0.4659,2.06
F30,2014-06,5.1692,2.61
F30,2014-07,-3.5351,-2.04
F30,2014-08,4.7881,4.24
F30,2014-09,-2.0853,-1.97
F30,2014-10,2.7862,2.52
F30,2014-11,2.2412,2.55
F30,2014-12,1.2639,-0.06
F30,2015-01,-5.0044,-3.11
F30,2015-02,2.5508,6.13
F30,2015-03,-0.4966,-1.12
F30,2015-04,-0.5942,0.59
F30,2015-05,2.3867,1.36
F30,2015-06,-0.1948,-1.53
F30,2015-07,0.1579,1.54
F30,2015-08,-5.1889,-6.04
F30,2015-09,-3.7671,-3.08
F30,2015-10,7.5278,7.75
F30,2015-11,2.8987,0.56
F30,2015-12,-2.8032,-2.17
F30,2016-01,-6.8746,-5.77
F30,2016-02,-0.4732,-0.07
F30,2016-03,7.4014,6.96
F30,2016-04,3.4797,0.92
F30,2016-05,1.6975,1.78
F30,2016-06,0.6214,-0.05
F30,2016-07,4.8776,3.95
F30,2016-08,3.6195,0.5
F30,2016-09,0.7168,0.25
F30,2016-10,-3.2031,-2.02
F30,2016-11,6.3345,4.86
F30,2016-12,1.2416,1.81
F31,2003-08,1.754,2.34
F31,2003-09,-1.8014,-1.24
F31,2003-10,6.8173,6.08
F31,2003-11,0.9705,1.35
F31,2003-12,4.8226,4.29
F31,2004-01,3.0672,2.15
F31,2004-02,2.1604,1.4
F31,2004-03,-1.0897,-1.32
F31,2004-04,-2.1042,-1.83
F31,2004-05,1.11,1.17
F31,2004-06,1.888,1.86
F31,2004-07,-5.2331,-4.06
F31,2004-08,1.0649,0.08
F31,2004-09,0.4308,1.6
F31,2004-10,1.1506,1.43
F31,2004-11,4.6538,4.54
F31,2004-12,5.5182,3.43
F31,2005-01,-4.1289,-2.76
F31,2005-02,3.7677,1.89
F31,2005-03,-3.7367,-1.97
F31,2005-04,-3.9521,-2.61
F31,2005-05,4.2531,3.65
F31,2005-06,0.3812,0.57
F31,2005-07,3.2805,3.92
F31,2005-08,-2.2026,-1.22
F31,2005-09,-0.7404,0.49
F31,2005-10,-2.8288,-2.02
F31,2005-11,2.3459,3.61
F31,2005-12,-0.0596,-0.25
F31,2006-01,1.4189,3.04
F31,2006-02,-1.4659,-0.3
F31,2006-03,1.8041,1.46
F31,2006-04,-0.0147,0.73
F31,2006-05,-5.9024,-3.57
F31,2006-06,-0.7974,-0.35
F31,2006-07,0.0232,-0.78
F31,2006-08,1.9047,2.03
F31,2006-09,1.3009,1.84
F31,2006-10,3.9035,3.23
F31,2006-11,3.3352,1.71
F31,2006-12,1.7301,0.87
F31,2007-01,-0.8987,1.4
F31,2007-02,-2.6673,-1.96
F31,2007-03,-0.3374,0.68
F31,2007-04,4.3536,3.49
F31,2007-05,4.6357,3.24
F31,2007-06,-3.7392,-1.96
F31,2007-07,-5.3627,-3.73
F31,2007-08,-0.0565,0.92
F31,2007-09,5.1089,3.22
F31,2007-10,1.0502,1.8
F31,2007-11,-7.2578,-4.83
F31,2007-12,-0.88,-0.87
F31,2008-01,-6.3678,-6.36
F31,2008-02,-4.0384,-3.09
F31,2008-03,-1.3148,-0.93
F31,2008-04,5.031,4.6
F31,2008-05,0.936,1.86
F31,2008-06,-8.7265,-8.44
F31,2008-07,-0.4792,-0.77
F31,2008-08,1.4803,1.53
F31,2008-09,-10.9537,-9.24
F31,2008-10,-20.9489,-17.23
F31,2008-11,-8.1913,-7.86
F31,2008-12,1.2416,1.74
F31,2009-01,-7.9143,-8.12
F31,2009-02,-7.9125,-10.1
F31,2009-03,11.0275,8.95
F31,2009-04,12.4724,10.19
F31,2009-05,5.0804,5.21
F31,2009-06,0.3597,0.43
F31,2009-07,9.064,7.72
F31,2009-08,2.1779,3.33
F31,2009-09,4.6222,4.08
F31,2009-10,-4.6891,-2.59
F31,2009-11,6.676,5.56
F31,2009-12,4.1422,2.75
F31,2010-01,-4.6446,-3.36
F31,2010-02,2.1504,3.4
F31,2010-03,7.0337,6.31
F31,2010-04,1.3716,2.0
F31,2010-05,-9.3194,-7.89
F31,2010-06,-4.7371,-5.56
F31,2010-07,6.8376,6.93
F31,2010-08,-6.1616,-4.77
F31,2010-09,10.6018,9.54
F31,2010-10,4.1212,3.88
F31,2010-11,-0.199,0.6
F31,2010-12,7.5016,6.82
F31,2011-01,2.9858,1.99
F31,2011-02,3.6365,3.49
F31,2011-03,0.1369,0.45
F31,2011-04,3.2852,2.9
F31,2011-05,-1.386,-1.27
F31,2011-06,-3.3072,-1.75
F31,2011-07,-1.2576,-2.36
F31,2011-08,-7.2589,-5.99
F31,2011-09,-8.4676,-7.59
F31,2011-10,12.8132,11.35
F31,2011-11,-0.1004,-0.28
F31,2011-12,1.8886,0.74
F31,2012-01,6.8662,5.05
F31,2012-02,5.0034,4.42
F31,2012-03,4.4352,3.11
F31,2012-04,-0.2526,-0.85
F31,2012-05,-8.0507,-6.19
F31,2012-06,5.6933,3.89
F31,2012-07,1.7605,0.79
F31,2012-08,1.6696,2.55
F31,2012-09,2.4228,2.73
F31,2012-10,-3.4176,-1.76
F31,2012-11,1.2116,0.78
F31,2012-12,0.6079,1.18
F31,2013-01,9.0006,5.57
F31,2013-02,3.2688,1.29
F31,2013-03,5.6264,4.03
F31,2013-04,1.3546,1.55
F31,2013-05,2.9877,2.8
F31,2013-06,-2.9292,-1.2
F31,2013-07,7.0951,5.65
F31,2013-08,-3.3174,-2.71
F31,2013-09,5.0301,3.77
F31,2013-10,5.1672,4.18
F31,2013-11,3.1646,3.12
F31,2013-12,2.689,2.81
F31,2014-01,-4.8765,-3.32
F31,2014-02,5.917,4.65
F31,2014-03,1.424,0.43
F31,2014-04,-1.6604,-0.19
F31,2014-05,3.2601,2.06
F31,2014-06,2.7745,2.61
F31,2014-07,-3.7791,-2.04
F31,2014-08,5.4204,4.24
F31,2014-09,-2.8751,-1.97
F31,2014-10,3.4799,2.52
F31,2014-11,2.1136,2.55
F31,2014-12,-0.1297,-0.06
F31,2015-01,-2.9929,-3.11
F31,2015-02,10.5601,6.13
F31,2015-03,-0.1391,-1.12
F31,2015-04,0.8769,0.59
F31,2015-05,0.5531,1.36
F31,2015-06,-1.8382,-1.53
F31,2015-07,1.3847,1.54
F31,2015-08,-6.1212,-6.04
F31,2015-09,-3.5445,-3.08
F31,2015-10,8.491,7.75
F31,2015-11,-1.377,0.56
F31,2015-12,-2.1512,-2.17
F31,2016-01,-7.1603,-5.77
F31,2016-02,0.2333,-0.07
F31,2016-03,8.3124,6.96
F31,2016-04,2.5431,0.92
F31,2016-05,2.2051,1.78
F31,2016-06,0.4582,-0.05
F31,2016-07,5.159,3.95
F31,2016-08,-0.896,0.5
F31,2016-09,0.7728,0.25
F31,2016-10,-3.1097,-2.02
F31,2016-11,6.8219,4.86
F31,2016-12,1.6615,1.81
F32,2007-12,-2.9571,-0.87
F32,2008-01,-7.2577,-6.36
F32,2008-02,-3.1028,-3.09
F32,2008-03,-1.5747,-0.93
F32,2008-04,4.4918,4.6
F32,2008-05,-0.8261,1.86
F32,2008-06,-5.5952,-8.44
F32,2008-07,-0.7627,-0.77
F32,2008-08,-0.6774,1.53
F32,2008-09,-4.0916,-9.24
F32,2008-10,-15.5099,-17.23
F32,2008-11,-7.8693,-7.86
F32,2008-12,0.09,1.74
F32,2009-01,-6.7542,-8.12
F32,2009-02,-6.5701,-10.1
F32,2009-03,5.7952,8.95
F32,2009-04,10.5724,10.19
F32,2009-05,4.1556,5.21
F32,2009-06,-1.4672,0.43
F32,2009-07,10.1109,7.72
F32,2009-08,2.2191,3.33
F32,2009-09,2.382,4.08
F32,2009-10,-3.1072,-2.59
F32,2009-11,5.071,5.56
F32,2009-12,2.0105,2.75
F32,2010-01,-2.9286,-3.36
F32,2010-02,1.4393,3.4
F32,2010-03,4.3053,6.31
F32,2010-04,-1.3709,2.0
F32,2010-05,-8.9902,-7.89
F32,2010-06,-5.4367,-5.56
F32,2010-07,6.6624,6.93
F32,2010-08,-3.1337,-4.77
F32,2010-09,8.8082,9.54
F32,2010-10,3.1972,3.88
F32,2010-11,0.6069,0.6
F32,2010-12,5.3622,6.82
F32,2011-01,3.3306,1.99
F32,2011-02,2.4022,3.49
F32,2011-03,-0.2796,0.45
F32,2011-04,2.4396,2.9
F32,2011-05,-1.4898,-1.27
F32,2011-06,-1.6396,-1.75
F32,2011-07,-2.3406,-2.36
F32,2011-08,-5.6104,-5.99
F32,2011-09,-5.3108,-7.59
F32,2011-10,8.7529,11.35
F32,2011-11,-0.6044,-0.28
F32,2011-12,1.2292,0.74
F32,2012-01,6.0969,5.05
F32,2012-02,4.0357,4.42
F32,2012-03,3.2631,3.11
F32,2012-04,0.184,-0.85
F32,2012-05,-4.7528,-6.19
F32,2012-06,2.9793,3.89
F32,2012-07,-2.4793,0.79
F32,2012-08,2.3503,2.55
F32,2012-09,4.239,2.73
F32,2012-10,-3.028,-1.76
F32,2012-11,1.5926,0.78
F32,2012-12,0.2028,1.18
F32,2013-01,5.5992,5.57
F32,2013-02,-1.337,1.29
F32,2013-03,4.4929,4.03
F32,2013-04,-8.3808,1.55
F32,2013-05,0.2042,2.8
F32,2013-06,0.9472,-1.2
F32,2013-07,3.5138,5.65
F32,2013-08,-3.1193,-2.71
F32,2013-09,2.3968,3.77
F32,2013-10,3.1752,4.18
F32,2013-11,2.2581,3.12
F32,2013-12,1.398,2.81
F32,2014-01,-2.3377,-3.32
F32,2014-02,2.6171,4.65
F32,2014-03,-0.8384,0.43
F32,2014-04,1.4971,-0.19
F32,2014-05,0.2446,2.06
F32,2014-06,3.671,2.61
F32,2014-07,-0.6835,-2.04
F32,2014-08,3.4955,4.24
F32,2014-09,-3.4597,-1.97
F32,2014-10,3.7752,2.52
F32,2014-11,1.71,2.55
F32,2014-12,0.5908,-0.06
F32,2015-01,-3.6106,-3.11
F32,2015-02,5.4143,6.13
F32,2015-03,-0.1642,-1.12
F32,2015-04,0.5987,0.59
F32,2015-05,2.4203,1.36
F32,2015-06,-5.5979,-1.53
F32,2015-07,-1.0731,1.54
F32,2015-08,-4.4895,-6.04
F32,2015-09,-1.7822,-3.08
F32,2015-10,6.1362,7.75
F32,2015-11,2.7042,0.56
F32,2015-12,-1.9969,-2.17
F32,2016-01,-6.343,-5.77
F32,2016-02,-1.5901,-0.07
F32,2016-03,6.2987,6.96
F32,2016-04,0.9928,0.92
F32,2016-05,1.9574,1.78
F32,2016-06,0.8443,-0.05
F32,2016-07,4.8916,3.95
F32,2016-08,1.9396,0.5
F32,2016-09,-0.2383,0.25
F32,2016-10,-0.8109,-2.02
F32,2016-11,5.2348,4.86
F32,2016-12,2.7413,1.81
F33,2009-09,3.5636,4.08
F33,2009-10,-2.6692,-2.59
F33,2009-11,5.2612,5.56
F33,2009-12,3.6794,2.75
F33,2010-01,-6.7976,-3.36
F33,2010-02,3.3898,3.4
F33,2010-03,2.8356,6.31
F33,2010-04,2.8808,2.0
F33,2010-05,-8.5413,-7.89
F33,2010-06,-5.4332,-5.56
F33,2010-07,10.0469,6.93
F33,2010-08,-3.358,-4.77
F33,2010-09,9.3765,9.54
F33,2010-10,2.6685,3.88
F33,2010-11,0.6287,0.6
F33,2010-12,6.1761,6.82
F33,2011-01,1.323,1.99
F33,2011-02,2.1216,3.49
F33,2011-03,-1.1456,0.45
F33,2011-04,3.8089,2.9
F33,2011-05,-3.5364,-1.27
F33,2011-06,-2.8118,-1.75
F33,2011-07,-2.6549,-2.36
F33,2011-08,-6.0715,-5.99
F33,2011-09,-6.1321,-7.59
F33,2011-10,11.5604,11.35
F33,2011-11,-0.2557,-0.28
F33,2011-12,-0.2411,0.74
F33,2012-01,2.8109,5.05
F33,2012-02,3.2298,4.42
F33,2012-03,2.6595,3.11
F33,2012-04,-1.3844,-0.85
F33,2012-05,-3.5658,-6.19
F33,2012-06,3.452,3.89
F33,2012-07,-1.1779,0.79
F33,2012-08,1.8473,2.55
F33,2012-09,2.3674,2.73
F33,2012-10,-1.2768,-1.76
F33,2012-11,0.038,0.78
F33,2012-12,-0.6446,1.18
F33,2013-01,3.9673,5.57
F33,2013-02,1.3837,1.29
F33,2013-03,2.9271,4.03
F33,2013-04,-0.4256,1.55
F33,2013-05,1.8937,2.8
F33,2013-06,-0.9181,-1.2
F33,2013-07,2.2121,5.65
F33,2013-08,-1.3074,-2.71
F33,2013-09,5.0401,3.77
F33,2013-10,4.7527,4.18
F33,2013-11,-0.67,3.12
F33,2013-12,3.1755,2.81
F33,2014-01,-5.998,-3.32
F33,2014-02,4.3954,4.65
F33,2014-03,0.1067,0.43
F33,2014-04,0.3546,-0.19
F33,2014-05,1.6699,2.06
F33,2014-06,2.3985,2.61
F33,2014-07,-3.324,-2.04
F33,2014-08,7.8455,4.24
F33,2014-09,0.1713,-1.97
F33,2014-10,3.9476,2.52
F33,2014-11,3.9819,2.55
F33,2014-12,-0.8492,-0.06
F33,2015-01,-2.8238,-3.11
F33,2015-02,5.9904,6.13
F33,2015-03,1.8149,-1.12
F33,2015-04,-0.6115,0.59
F33,2015-05,0.5551,1.36
F33,2015-06,-0.0032,-1.53
F33,2015-07,2.9839,1.54
F33,2015-08,-9.7201,-6.04
F33,2015-09,-0.9298,-3.08
F33,2015-10,6.8562,7.75
F33,2015-11,4.3874,0.56
F33,2015-12,-1.3089,-2.17
F33,2016-01,-6.4771,-5.77
F33,2016-02,-1.4592,-0.07
F33,2016-03,5.4848,6.96
F33,2016-04,1.9363,0.92
F33,2016-05,2.4964,1.78
F33,2016-06,0.288,-0.05
F33,2016-07,7.0476,3.95
F33,2016-08,-1.525,0.5
F33,2016-09,-2.7311,0.25
F33,2016-10,-2.4087,-2.02
F33,2016-11,3.0892,4.86
F33,2016-12,0.1328,1.81
F34,2002-01,-2.2619,-1.44
F34,2002-02,-0.8405,-2.29
F34,2002-03,3.4249,4.24
F34,2002-04,-5.4714,-5.2
F34,2002-05,-0.6737,-1.38
F34,2002-06,-6.837,-7.21
F34,2002-07,-11.8199,-8.18
F34,2002-08,-0.5128,0.5
F34,2002-09,-11.8691,-10.35
F34,2002-10,9.0443,7.84
F34,2002-11,5.7707,5.96
F34,2002-12,-5.2273,-5.76
F34,2003-01,-3.8572,-2.57
F34,2003-02,-2.2029,-1.88
F34,2003-03,2.3214,1.09
F34,2003-04,6.603,8.22
F34,2003-05,6.1939,6.05
F34,2003-06,3.7959,1.42
F34,2003-07,3.9168,2.35
F34,2003-08,0.1989,2.34
F34,2003-09,-1.1205,-1.24
F34,2003-10,7.1686,6.08
F34,2003-11,0.6862,1.35
F34,2003-12,4.4437,4.29
F34,2004-01,4.687,2.15
F34,2004-02,1.0278,1.4
F34,2004-03,-0.3039,-1.32
F34,2004-04,-2.0289,-1.83
F34,2004-05,-0.1911,1.17
F34,2004-06,2.9083,1.86
F34,2004-07,-3.9366,-4.06
F34,2004-08,0.5989,0.08
F34,2004-09,0.1556,1.6
F34,2004-10,1.2595,1.43
F34,2004-11,3.0289,4.54
F34,2004-12,4.3423,3.43
F34,2005-01,-3.2563,-2.76
F34,2005-02,0.501,1.89
F34,2005-03,-2.2422,-1.97
F34,2005-04,-5.5997,-2.61
F34,2005-05,5.9958,3.65
F34,2005-06,0.41,0.57
F34,2005-07,3.9034,3.92
F34,2005-08,0.4298,-1.22
F34,2005-09,2.4126,0.49
F34,2005-10,-4.1732,-2.02
F34,2005-11,4.8043,3.61
F34,2005-12,-0.55,-0.25
F34,2006-01,2.4843,3.04
F34,2006-02,-0.7236,-0.3
F34,2006-03,0.4917,1.46
F34,2006-04,-0.325,0.73
F34,2006-05,0.8234,-3.57
F34,2006-06,-0.7834,-0.35
F34,2006-07,-2.8376,-0.78
F34,2006-08,0.2557,2.03
F34,2006-09,1.7819,1.84
F34,2006-10,4.1383,3.23
F34,2006-11,4.0384,1.71
F34,2006-12,1.8305,0.87
F34,2007-01,0.5784,1.4
F34,2007-02,-4.2704,-1.96
F34,2007-03,0.5535,0.68
F34,2007-04,5.2799,3.49
F34,2007-05,3.4947,3.24
F34,2007-06,-2.9044,-1.96
F34,2007-07,-7.3533,-3.73
F34,2007-08,1.9871,0.92
F34,2007-09,4.4284,3.22
F34,2007-10,3.3253,1.8
F34,2007-11,-5.5485,-4.83
F34,2007-12,-2.1118,-0.87
F34,2008-01,-8.2487,-6.36
F34,2008-02,-2.9332,-3.09
F34,2008-03,-1.8994,-0.93
F34,2008-04,6.2412,4.6
F34,2008-05,2.5753,1.86
F34,2008-06,-10.4337,-8.44
F34,2008-07,-1.4017,-0.77
F34,2008-08,1.9674,1.53
F34,2008-09,-12.0768,-9.24
F34,2008-10,-20.106,-17.23
F34,2008-11,-10.8797,-7.86
F34,2008-12,1.2391,1.74
F34,2009-01,-8.8398,-8.12
F34,2009-02,-12.3725,-10.1
F34,2009-03,11.5978,8.95
F34,2009-04,10.728,10.19
F34,2009-05,5.7105,5.21
F34,2009-06,0.0571,0.43
F34,2009-07,8.4012,7.72
F34,2009-08,2.885,3.33
F34,2009-09,4.926,4.08
F34,2009-10,-4.261,-2.59
F34,2009-11,7.3539,5.56
F34,2009-12,2.6252,2.75
F34,2010-01,-5.8844,-3.36
F34,2010-02,4.4241,3.4
F34,2010-03,9.8457,6.31
F34,2010-04,1.8516,2.0
F34,2010-05,-9.282,-7.89
F34,2010-06,-5.5781,-5.56
F34,2010-07,7.0146,6.93
F34,2010-08,-6.208,-4.77
F34,2010-09,10.0134,9.54
F34,2010-10,3.1326,3.88
F34,2010-11,2.0757,0.6
F34,2010-12,6.8699,6.82
F34,2011-01,1.5933,1.99
F34,2011-02,4.6479,3.49
F34,2011-03,1.9999,0.45
F34,2011-04,2.4136,2.9
F34,2011-05,-2.3712,-1.27
F34,2011-06,-3.9828,-1.75
F34,2011-07,-1.6198,-2.36
F34,2011-08,-7.6339,-5.99
F34,2011-09,-11.0162,-7.59
F34,2011-10,12.9943,11.35
F34,2011-11,-1.7199,-0.28
F34,2011-12,-0.1582,0.74
F34,2012-01,3.6141,5.05
F34,2012-02,5.3427,4.42
F34,2012-03,3.9325,3.11
F34,2012-04,-2.3405,-0.85
F34,2012-05,-8.2442,-6.19
F34,2012-06,6.1605,3.89
F34,2012-07,1.1473,0.79
F34,2012-08,2.6179,2.55
F34,2012-09,3.7322,2.73
F34,2012-10,-2.3407,-1.76
F34,2012-11,0.7837,0.78
F34,2012-12,-0.1252,1.18
F34,2013-01,6.0195,5.57
F34,2013-02,0.9294,1.29
F34,2013-03,3.0089,4.03
F34,2013-04,1.898,1.55
F34,2013-05,6.9999,2.8
F34,2013-06,-0.8338,-1.2
F34,2013-07,7.4118,5.65
F34,2013-08,-3.8748,-2.71
F34,2013-09,3.3308,3.77
F34,2013-10,5.7264,4.18
F34,2013-11,1.7626,3.12
F34,2013-12,0.7851,2.81
F34,2014-01,-3.0595,-3.32
F34,2014-02,7.3566,4.65
F34,2014-03,0.0542,0.43
F34,2014-04,2.2792,-0.19
F34,2014-05,4.956,2.06
F34,2014-06,2.4235,2.61
F34,2014-07,-2.5566,-2.04
F34,2014-08,7.3527,4.24
F34,2014-09,-0.3109,-1.97
F34,2014-10,1.8917,2.52
F34,2014-11,3.6693,2.55
F34,2014-12,-0.8061,-0.06
F34,2015-01,-4.8729,-3.11
F34,2015-02,10.619,6.13
F34,2015-03,-1.4143,-1.12
F34,2015-04,-1.2633,0.59
F34,2015-05,1.811,1.36
F34,2015-06,-4.3989,-1.53
F34,2015-07,1.6219,1.54
F34,2015-08,-6.5085,-6.04
F34,2015-09,-4.3579,-3.08
F34,2015-10,8.9088,7.75
F34,2015-11,1.0187,0.56
F34,2015-12,-3.983,-2.17
F34,2016-01,-7.8426,-5.77
F34,2016-02,-0.3703,-0.07
F34,2016-03,6.9531,6.96
F34,2016-04,1.142,0.92
F34,2016-05,2.6415,1.78
F34,2016-06,-1.2578,-0.05
F34,2016-07,5.4671,3.95
F34,2016-08,-0.8897,0.5
F34,2016-09,-1.1808,0.25
F34,2016-10,-1.5954,-2.02
F34,2016-11,2.7541,4.86
F34,2016-12,-1.6116,1.81
F35,2013-02,3.7194,1.29
F35,2013-03,4.762,4.03
F35,2013-04,1.9242,1.55
F35,2013-05,2.7154,2.8
F35,2013-06,1.7908,-1.2
F35,2013-07,3.2471,5.65
F35,2013-08,-2.8222,-2.71
F35,2013-09,4.3448,3.77
F35,2013-10,6.8069,4.18
F35,2013-11,3.2742,3.12
F35,2013-12,2.9535,2.81
F35,2014-01,-4.2565,-3.32
F35,2014-02,6.1704,4.65
F35,2014-03,-4.0736,0.43
F35,2014-04,-0.7167,-0.19
F35,2014-05,3.3148,2.06
F35,2014-06,3.3569,2.61
F35,2014-07,-0.1609,-2.04
F35,2014-08,4.9924,4.24
F35,2014-09,-2.8438,-1.97
F35,2014-10,3.6419,2.52
F35,2014-11,3.5428,2.55
F35,2014-12,0.7917,-0.06
F35,2015-01,-5.4464,-3.11
F35,2015-02,6.0917,6.13
F35,2015-03,-0.6894,-1.12
F35,2015-04,-0.2295,0.59
F35,2015-05,2.4793,1.36
F35,2015-06,-2.8358,-1.53
F35,2015-07,3.9201,1.54
F35,2015-08,-8.4461,-6.04
F35,2015-09,-4.2607,-3.08
F35,2015-10,9.5661,7.75
F35,2015-11,1.8297,0.56
F35,2015-12,-2.1449,-2.17
F35,2016-01,-6.2572,-5.77
F35,2016-02,1.0675,-0.07
F35,2016-03,11.5748,6.96
F35,2016-04,-1.0239,0.92
F35,2016-05,0.5383,1.78
F35,2016-06,-0.1883,-0.05
F35,2016-07,9.1957,3.95
F35,2016-08,12.6174,0.5
F35,2016-09,-1.1874,0.25
F35,2016-10,-3.129,-2.02
F35,2016-11,4.8594,4.86
F35,2016-12,1.7448,1.81
F36,2014-01,-2.4724,-3.32
F36,2014-02,3.8117,4.65
F36,2014-03,-0.0496,0.43
F36,2014-04,-0.2947,-0.19
F36,2014-05,-1.006,2.06
F36,2014-06,3.1188,2.61
F36,2014-07,-4.1401,-2.04
F36,2014-08,4.4998,4.24
F36,2014-09,-1.8029,-1.97
F36,2014-10,2.2576,2.52
F36,2014-11,7.3038,2.55
F36,2014-12,-0.5894,-0.06
F36,2015-01,-2.6941,-3.11
F36,2015-02,7.1942,6.13
F36,2015-03,-2.4586,-1.12
F36,2015-04,0.2269,0.59
F36,2015-05,5.3343,1.36
F36,2015-06,-1.75,-1.53
F36,2015-07,2.9734,1.54
F36,2015-08,-6.9189,-6.04
F36,2015-09,-2.457,-3.08
F36,2015-10,7.2137,7.75
F36,2015-11,2.1323,0.56
F36,2015-12,-4.9787,-2.17
F36,2016-01,-4.7886,-5.77
F36,2016-02,-1.0693,-0.07
F36,2016-03,8.7982,6.96
F36,2016-04,0.4538,0.92
F36,2016-05,3.5126,1.78
F36,2016-06,0.517,-0.05
F36,2016-07,4.5743,3.95
F36,2016-08,-0.7733,0.5
F36,2016-09,0.112,0.25
F36,2016-10,-1.4969,-2.02
F36,2016-11,4.2463,4.86
F36,2016-12,-0.042,1.81
F37,2010-04,3.6435,2.0
F37,2010-05,-10.3269,-7.89
F37,2010-06,-8.6475,-5.56
F37,2010-07,10.8081,6.93
F37,2010-08,-3.606,-4.77
F37,2010-09,10.0468,9.54
F37,2010-10,6.8514,3.88
F37,2010-11,-0.4591,0.6
F37,2010-12,7.8894,6.82
F37,2011-01,4.1153,1.99
F37,2011-02,5.7792,3.49
F37,2011-03,0.869,0.45
F37,2011-04,2.8045,2.9
F37,2011-05,-3.6634,-1.27
F37,2011-06,-3.6337,-1.75
F37,2011-07,-3.1635,-2.36
F37,2011-08,-7.9344,-5.99
F37,2011-09,-10.071,-7.59
F37,2011-10,12.3944,11.35
F37,2011-11,-1.1283,-0.28
F37,2011-12,1.4314,0.74
F37,2012-01,5.5892,5.05
F37,2012-02,5.0187,4.42
F37,2012-03,4.835,3.11
F37,2012-04,-2.4794,-0.85
F37,2012-05,-9.8292,-6.19
F37,2012-06,5.0108,3.89
F37,2012-07,-0.86,0.79
F37,2012-08,4.4342,2.55
F37,2012-09,1.4887,2.73
F37,2012-10,-1.9935,-1.76
F37,2012-11,0.7846,0.78
F37,2012-12,0.7873,1.18
F37,2013-01,7.9858,5.57
F37,2013-02,-1.6371,1.29
F37,2013-03,5.1116,4.03
F37,2013-04,2.3596,1.55
F37,2013-05,2.2823,2.8
F37,2013-06,-2.0163,-1.2
F37,2013-07,6.6264,5.65
F37,2013-08,-3.7453,-2.71
F37,2013-09,5.6038,3.77
F37,2013-10,5.6061,4.18
F37,2013-11,4.7675,3.12
F37,2013-12,2.9072,2.81
F37,2014-01,-3.1497,-3.32
F37,2014-02,4.3731,4.65
F37,2014-03,1.2607,0.43
F37,2014-04,-0.1097,-0.19
F37,2014-05,3.7368,2.06
F37,2014-06,4.5818,2.61
F37,2014-07,-3.384,-2.04
F37,2014-08,6.214,4.24
F37,2014-09,-2.7866,-1.97
F37,2014-10,0.9468,2.52
F37,2014-11,0.379,2.55
F37,2014-12,1.2658,-0.06
F37,2015-01,-3.4579,-3.11
F37,2015-02,7.6963,6.13
F37,2015-03,-0.2982,-1.12
F37,2015-04,0.3519,0.59
F37,2015-05,7.1411,1.36
F37,2015-06,-1.8675,-1.53
F37,2015-07,1.7333,1.54
F37,2015-08,-5.3046,-6.04
F37,2015-09,-5.6254,-3.08
F37,2015-10,6.5294,7.75
F37,2015-11,-1.8972,0.56
F37,2015-12,-1.0569,-2.17
F37,2016-01,-5.8367,-5.77
F37,2016-02,-1.4232,-0.07
F37,2016-03,9.5351,6.96
F37,2016-04,0.3025,0.92
F37,2016-05,4.1394,1.78
F37,2016-06,-0.2762,-0.05
F37,2016-07,5.3377,3.95
F37,2016-08,0.7864,0.5
F37,2016-09,0.5722,0.25
F37,2016-10,-1.6778,-2.02
F37,2016-11,5.4182,4.86
F37,2016-12,3.6737,1.81
F38,2013-02,1.8089,1.29
F38,2013-03,6.0934,4.03
F38,2013-04,-0.1976,1.55
F38,2013-05,3.4576,2.8
F38,2013-06,-2.2783,-1.2
F38,2013-07,6.3718,5.65
F38,2013-08,-3.5025,-2.71
F38,2013-09,3.9644,3.77
F38,2013-10,6.4556,4.18
F38,2013-11,2.0003,3.12
F38,2013-12,2.5266,2.81
F38,2014-01,-2.8153,-3.32
F38,2014-02,3.4021,4.65
F38,2014-03,-1.771,0.43
F38,2014-04,-0.8508,-0.19
F38,2014-05,2.7009,2.06
F38,2014-06,1.2337,2.61
F38,2014-07,-4.3837,-2.04
F38,2014-08,4.4372,4.24
F38,2014-09,-3.0296,-1.97
F38,2014-10,2.4836,2.52
F38,2014-11,0.9024,2.55
F38,2014-12,-2.5785,-0.06
F38,2015-01,-3.5931,-3.11
F38,2015-02,8.0024,6.13
F38,2015-03,-0.9268,-1.12
F38,2015-04,0.8927,0.59
F38,2015-05,2.3721,1.36
F38,2015-06,-5.392,-1.53
F38,2015-07,2.2796,1.54
F38,2015-08,-6.5059,-6.04
F38,2015-09,-4.1347,-3.08
F38,2015-10,9.036,7.75
F38,2015-11,1.3728,0.56
F38,2015-12,-1.5988,-2.17
F38,2016-01,-5.9472,-5.77
F38,2016-02,-0.0746,-0.07
F38,2016-03,8.4851,6.96
F38,2016-04,1.095,0.92
F38,2016-05,1.4393,1.78
F38,2016-06,-0.4927,-0.05
F38,2016-07,8.5127,3.95
F38,2016-08,1.1422,0.5
F38,2016-09,1.1598,0.25
F38,2016-10,-3.0775,-2.02
F38,2016-11,6.539,4.86
F38,2016-12,2.534,1.81
F39,2012-05,-7.779,-6.19
F39,2012-06,4.2142,3.89
F39,2012-07,0.2198,0.79
F39,2012-08,2.7323,2.55
F39,2012-09,1.8541,2.73
F39,2012-10,-4.4353,-1.76
F39,2012-11,-1.4913,0.78
F39,2012-12,-0.2824,1.18
F39,2013-01,5.1992,5.57
F39,2013-02,0.7024,1.29
F39,2013-03,8.7791,4.03
F39,2013-04,0.6454,1.55
F39,2013-05,2.9745,2.8
F39,2013-06,-2.2857,-1.2
F39,2013-07,6.369,5.65
F39,2013-08,0.5889,-2.71
F39,2013-09,4.232,3.77
F39,2013-10,4.0897,4.18
F39,2013-11,2.0994,3.12
F39,2013-12,2.9968,2.81
F39,2014-01,-3.3948,-3.32
F39,2014-02,3.8119,4.65
F39,2014-03,-0.1297,0.43
F39,2014-04,-0.3112,-0.19
F39,2014-05,1.7186,2.06
F39,2014-06,3.1601,2.61
F39,2014-07,-3.5937,-2.04
F39,2014-08,4.7114,4.24
F39,2014-09,-3.4975,-1.97
F39,2014-10,1.8329,2.52
F39,2014-11,2.6706,2.55
F39,2014-12,-3.0259,-0.06
F39,2015-01,-3.0453,-3.11
F39,2015-02,6.1113,6.13
F39,2015-03,-0.7871,-1.12
F39,2015-04,2.0795,0.59
F39,2015-05,-0.45,1.36
F39,2015-06,-4.9969,-1.53
F39,2015-07,0.7675,1.54
F39,2015-08,-7.7246,-6.04
F39,2015-09,-3.5183,-3.08
F39,2015-10,7.3092,7.75
F39,2015-11,1.8473,0.56
F39,2015-12,-5.1305,-2.17
F39,2016-01,-14.8728,-5.77
F39,2016-02,-0.3029,-0.07
F39,2016-03,6.763,6.96
F39,2016-04,-1.1114,0.92
F39,2016-05,4.6129,1.78
F39,2016-06,3.8859,-0.05
F39,2016-07,3.2867,3.95
F39,2016-08,0.9872,0.5
F39,2016-09,1.0441,0.25
F39,2016-10,-0.5538,-2.02
F39,2016-11,4.719,4.86
F39,2016-12,4.3204,1.81
F40,2005-08,-0.2116,-1.22
F40,2005-09,5.1498,0.49
F40,2005-10,-3.7192,-2.02
F40,2005-11,2.0664,3.61
F40,2005-12,-3.4323,-0.25
F40,2006-01,1.9825,3.04
F40,2006-02,1.7533,-0.3
F40,2006-03,0.7889,1.46
F40,2006-04,-6.2569,0.73
F40,2006-05,0.5231,-3.57
F40,2006-06,4.195,-0.35
F40,2006-07,-12.3439,-0.78
F40,2006-08,0.1022,2.03
F40,2006-09,13.849,1.84
F40,2006-10,5.7193,3.23
F40,2006-11,0.2226,1.71
F40,2006-12,1.779,0.87
F40,2007-01,2.2495,1.4
F40,2007-02,-4.0708,-1.96
F40,2007-03,0.9665,0.68
F40,2007-04,3.6912,3.49
F40,2007-05,3.3847,3.24
F40,2007-06,-0.41,-1.96
F40,2007-07,-5.9003,-3.73
F40,2007-08,1.0934,0.92
F40,2007-09,2.9764,3.22
F40,2007-10,0.7688,1.8
F40,2007-11,-3.6723,-4.83
F40,2007-12,0.6695,-0.87
F40,2008-01,-7.501,-6.36
F40,2008-02,-3.9429,-3.09
F40,2008-03,-0.2566,-0.93
F40,2008-04,8.8431,4.6
F40,2008-05,5.6407,1.86
F40,2008-06,-6.7567,-8.44
F40,2008-07,-2.9503,-0.77
F40,2008-08,1.2062,1.53
F40,2008-09,-13.7336,-9.24
F40,2008-10,-18.7043,-17.23
F40,2008-11,-8.068,-7.86
F40,2008-12,2.4129,1.74
F40,2009-01,-10.3806,-8.12
F40,2009-02,-8.1883,-10.1
F40,2009-03,7.1133,8.95
F40,2009-04,11.1969,10.19
F40,2009-05,-2.9885,5.21
F40,2009-06,-3.4772,0.43
F40,2009-07,12.65,7.72
F40,2009-08,3.4424,3.33
F40,2009-09,7.0193,4.08
F40,2009-10,-2.2207,-2.59
F40,2009-11,7.3521,5.56
F40,2009-12,-1.3161,2.75
F40,2010-01,-1.1655,-3.36
F40,2010-02,1.7817,3.4
F40,2010-03,8.3932,6.31
F40,2010-04,0.3005,2.0
F40,2010-05,-8.8952,-7.89
F40,2010-06,-6.9869,-5.56
F40,2010-07,8.1497,6.93
F40,2010-08,-5.4038,-4.77
F40,2010-09,7.5075,9.54
F40,2010-10,1.4323,3.88
F40,2010-11,0.7606,0.6
F40,2010-12,8.0535,6.82
F40,2011-01,1.7492,1.99
F40,2011-02,3.3522,3.49
F40,2011-03,-0.4169,0.45
F40,2011-04,2.0696,2.9
F40,2011-05,0.1447,-1.27
F40,2011-06,-4.6813,-1.75
F40,2011-07,-0.1523,-2.36
F40,2011-08,-5.7362,-5.99
F40,2011-09,-6.197,-7.59
F40,2011-10,10.5635,11.35
F40,2011-11,1.2339,-0.28
F40,2011-12,-0.1586,0.74
F40,2012-01,7.119,5.05
F40,2012-02,10.1044,4.42
F40,2012-03,4.9359,3.11
F40,2012-04,-3.7769,-0.85
F40,2012-05,-5.5098,-6.19
F40,2012-06,-0.3038,3.89
F40,2012-07,1.5095,0.79
F40,2012-08,2.984,2.55
F40,2012-09,3.8492,2.73
F40,2012-10,-0.7122,-1.76
F40,2012-11,1.9121,0.78
F40,2012-12,-0.9443,1.18
F40,2013-01,6.7161,5.57
F40,2013-02,-0.1862,1.29
F40,2013-03,3.0772,4.03
F40,2013-04,-0.2179,1.55
F40,2013-05,3.0136,2.8
F40,2013-06,-1.2508,-1.2
F40,2013-07,4.944,5.65
F40,2013-08,-3.1039,-2.71
F40,2013-09,3.0997,3.77
F40,2013-10,5.2952,4.18
F40,2013-11,1.5949,3.12
F40,2013-12,1.1457,2.81
F40,2014-01,-3.1435,-3.32
F40,2014-02,2.4676,4.65
F40,2014-03,0.6437,0.43
F40,2014-04,-3.5404,-0.19
F40,2014-05,2.0124,2.06
F40,2014-06,-1.1401,2.61
F40,2014-07,-2.8112,-2.04
F40,2014-08,4.8554,4.24
F40,2014-09,0.6643,-1.97
F40,2014-10,0.4712,2.52
F40,2014-11,3.6482,2.55
F40,2014-12,0.5032,-0.06
F40,2015-01,-3.7869,-3.11
F40,2015-02,5.6994,6.13
F40,2015-03,-4.9856,-1.12
F40,2015-04,1.2125,0.59
F40,2015-05,3.0147,1.36
F40,2015-06,-0.6073,-1.53
F40,2015-07,0.6131,1.54
F40,2015-08,1.3,-6.04
F40,2015-09,-2.3672,-3.08
F40,2015-10,7.6025,7.75
F40,2015-11,2.718,0.56
F40,2015-12,-2.0476,-2.17
F40,2016-01,-5.972,-5.77
F40,2016-02,-1.3412,-0.07
F40,2016-03,3.8123,6.96
F40,2016-04,-1.9886,0.92
F40,2016-05,1.5146,1.78
F40,2016-06,1.1737,-0.05
F40,2016-07,0.6908,3.95
F40,2016-08,-2.0036,0.5
F40,2016-09,1.1491,0.25
F40,2016-10,0.9566,-2.02
F40,2016-11,10.5612,4.86
F40,2016-12,0.2774,1.81
